"Station","Survey_Type","Start_Date","Survey_Start_Time","End_Date","Survey_End_Time","Segment","Seg_dist_m","Parent_Trail_LongName","Start_Date_Start_Time","End_Date_End_Time","Effort_hrs"
"YRS","Night",2025-07-16,"8:21 PM",2025-07-16,"10:24 PM","COCA-01",301,"Coca-Ceiba-Peru-Renacuajo-Mirador",2025-07-16 20:21:00,2025-07-16 22:24:00,2.05
"YRS","Night",2025-07-16,"8:21 PM",2025-07-16,"10:24 PM","CEIB-02",463,"Coca-Ceiba-Peru-Renacuajo-Mirador",2025-07-16 20:21:00,2025-07-16 22:24:00,2.05
"YRS","Night",2025-07-16,"8:21 PM",2025-07-16,"10:24 PM","PERU-01",250,"Coca-Ceiba-Peru-Renacuajo-Mirador",2025-07-16 20:21:00,2025-07-16 22:24:00,2.05
"YRS","Night",2025-07-16,"8:21 PM",2025-07-16,"10:24 PM","RENA-01",272,"Coca-Ceiba-Peru-Renacuajo-Mirador",2025-07-16 20:21:00,2025-07-16 22:24:00,2.05
"YRS","Night",2025-07-16,"8:21 PM",2025-07-16,"10:24 PM","MIRA-01",550,"Coca-Ceiba-Peru-Renacuajo-Mirador",2025-07-16 20:21:00,2025-07-16 22:24:00,2.05
"YRS","Night",2025-07-15,"8:30 PM",2025-07-15,"10:12 PM","YCHO-01",1230,"Chorongo-Kinkajou-Napo",2025-07-15 20:30:00,2025-07-15 22:12:00,1.7
"YRS","Night",2025-07-15,"8:30 PM",2025-07-15,"10:12 PM","KINK-01",321,"Chorongo-Kinkajou-Napo",2025-07-15 20:30:00,2025-07-15 22:12:00,1.7
"YRS","Night",2025-07-15,"8:30 PM",2025-07-15,"10:12 PM","NAPO-05",243,"Chorongo-Kinkajou-Napo",2025-07-15 20:30:00,2025-07-15 22:12:00,1.7
"YRS","Night",2025-07-15,"8:30 PM",2025-07-15,"10:12 PM","NAPO-06",290,"Chorongo-Kinkajou-Napo",2025-07-15 20:30:00,2025-07-15 22:12:00,1.7
"YRS","Night",2025-07-14,"8:34 PM",2025-07-14,"10:56 PM","MIRA-04",760,"Mirador",2025-07-14 20:34:00,2025-07-14 22:56:00,2.36666666666667
"YRS","Night",2025-07-14,"8:34 PM",2025-07-14,"10:56 PM","MIRA-03",158,"Mirador",2025-07-14 20:34:00,2025-07-14 22:56:00,2.36666666666667
"YRS","Night",2025-07-14,"8:34 PM",2025-07-14,"10:56 PM","MIRA-02",592,"Mirador",2025-07-14 20:34:00,2025-07-14 22:56:00,2.36666666666667
"YRS","Night",2025-07-14,"8:34 PM",2025-07-14,"10:56 PM","MIRA-01",550,"Mirador",2025-07-14 20:34:00,2025-07-14 22:56:00,2.36666666666667
"YRS","Night",2025-07-13,"8:51 PM",2025-07-13,"10:41 PM","BOTA-01",142,"Botanico-Tinamou-Napo-Timatai-Bariso",2025-07-13 20:51:00,2025-07-13 22:41:00,1.83333333333333
"YRS","Night",2025-07-13,"8:51 PM",2025-07-13,"10:41 PM","TINA-01",65,"Botanico-Tinamou-Napo-Timatai-Bariso",2025-07-13 20:51:00,2025-07-13 22:41:00,1.83333333333333
"YRS","Night",2025-07-13,"8:51 PM",2025-07-13,"10:41 PM","TINA-02",509,"Botanico-Tinamou-Napo-Timatai-Bariso",2025-07-13 20:51:00,2025-07-13 22:41:00,1.83333333333333
"YRS","Night",2025-07-13,"8:51 PM",2025-07-13,"10:41 PM","NAPO-01",135,"Botanico-Tinamou-Napo-Timatai-Bariso",2025-07-13 20:51:00,2025-07-13 22:41:00,1.83333333333333
"YRS","Night",2025-07-13,"8:51 PM",2025-07-13,"10:41 PM","NAPO-02",419,"Botanico-Tinamou-Napo-Timatai-Bariso",2025-07-13 20:51:00,2025-07-13 22:41:00,1.83333333333333
"YRS","Night",2025-07-13,"8:51 PM",2025-07-13,"10:41 PM","TIMA-01",128,"Botanico-Tinamou-Napo-Timatai-Bariso",2025-07-13 20:51:00,2025-07-13 22:41:00,1.83333333333333
"YRS","Night",2025-07-13,"8:51 PM",2025-07-13,"10:41 PM","BARI-01",340,"Botanico-Tinamou-Napo-Timatai-Bariso",2025-07-13 20:51:00,2025-07-13 22:41:00,1.83333333333333
"YRS","Night",2025-07-11,"8:14 PM",2025-07-11,"10:40 PM","GAWA-01",272,"Gawape-Chorongo-Kinkajou",2025-07-11 20:14:00,2025-07-11 22:40:00,2.43333333333333
"YRS","Night",2025-07-11,"8:14 PM",2025-07-11,"10:40 PM","GAWA-02",650,"Gawape-Chorongo-Kinkajou",2025-07-11 20:14:00,2025-07-11 22:40:00,2.43333333333333
"YRS","Night",2025-07-11,"8:14 PM",2025-07-11,"10:40 PM","GAWA-03",692,"Gawape-Chorongo-Kinkajou",2025-07-11 20:14:00,2025-07-11 22:40:00,2.43333333333333
"YRS","Night",2025-07-11,"8:14 PM",2025-07-11,"10:40 PM","YCHO-02",691,"Gawape-Chorongo-Kinkajou",2025-07-11 20:14:00,2025-07-11 22:40:00,2.43333333333333
"YRS","Night",2025-07-11,"8:14 PM",2025-07-11,"10:40 PM","KINK-01",321,"Gawape-Chorongo-Kinkajou",2025-07-11 20:14:00,2025-07-11 22:40:00,2.43333333333333
"YRS","Night",2025-07-09,"8:45 PM",2025-07-09,"9:34 PM","COCA-01",301,"Coca-Ceiba",2025-07-09 20:45:00,2025-07-09 21:34:00,0.816666666666667
"YRS","Night",2025-07-09,"8:45 PM",2025-07-09,"9:34 PM","CEIB-02",463,"Coca-Ceiba",2025-07-09 20:45:00,2025-07-09 21:34:00,0.816666666666667
"YRS","Night",2025-07-08,"8:18 PM",2025-07-08,"10:59 PM","PANT-01",103,"Pantano-Napo-Bariso-Timatai-Tinamou-Botanico-Gran Ficus-Botanico",2025-07-08 20:18:00,2025-07-08 22:59:00,2.68333333333333
"YRS","Night",2025-07-08,"8:18 PM",2025-07-08,"10:59 PM","NAPO-01",135,"Pantano-Napo-Bariso-Timatai-Tinamou-Botanico-Gran Ficus-Botanico",2025-07-08 20:18:00,2025-07-08 22:59:00,2.68333333333333
"YRS","Night",2025-07-08,"8:18 PM",2025-07-08,"10:59 PM","NAPO-02",419,"Pantano-Napo-Bariso-Timatai-Tinamou-Botanico-Gran Ficus-Botanico",2025-07-08 20:18:00,2025-07-08 22:59:00,2.68333333333333
"YRS","Night",2025-07-08,"8:18 PM",2025-07-08,"10:59 PM","NAPO-03",157,"Pantano-Napo-Bariso-Timatai-Tinamou-Botanico-Gran Ficus-Botanico",2025-07-08 20:18:00,2025-07-08 22:59:00,2.68333333333333
"YRS","Night",2025-07-08,"8:18 PM",2025-07-08,"10:59 PM","BARI-02",183,"Pantano-Napo-Bariso-Timatai-Tinamou-Botanico-Gran Ficus-Botanico",2025-07-08 20:18:00,2025-07-08 22:59:00,2.68333333333333
"YRS","Night",2025-07-08,"8:18 PM",2025-07-08,"10:59 PM","TIMA-01",128,"Pantano-Napo-Bariso-Timatai-Tinamou-Botanico-Gran Ficus-Botanico",2025-07-08 20:18:00,2025-07-08 22:59:00,2.68333333333333
"YRS","Night",2025-07-08,"8:18 PM",2025-07-08,"10:59 PM","TINA-02",509,"Pantano-Napo-Bariso-Timatai-Tinamou-Botanico-Gran Ficus-Botanico",2025-07-08 20:18:00,2025-07-08 22:59:00,2.68333333333333
"YRS","Night",2025-07-08,"8:18 PM",2025-07-08,"10:59 PM","TINA-01",65,"Pantano-Napo-Bariso-Timatai-Tinamou-Botanico-Gran Ficus-Botanico",2025-07-08 20:18:00,2025-07-08 22:59:00,2.68333333333333
"YRS","Night",2025-07-08,"8:18 PM",2025-07-08,"10:59 PM","BOTA-02",69,"Pantano-Napo-Bariso-Timatai-Tinamou-Botanico-Gran Ficus-Botanico",2025-07-08 20:18:00,2025-07-08 22:59:00,2.68333333333333
"YRS","Night",2025-07-08,"8:18 PM",2025-07-08,"10:59 PM","BOTA-03",250,"Pantano-Napo-Bariso-Timatai-Tinamou-Botanico-Gran Ficus-Botanico",2025-07-08 20:18:00,2025-07-08 22:59:00,2.68333333333333
"YRS","Night",2025-07-08,"8:18 PM",2025-07-08,"10:59 PM","GRFI-01",96,"Pantano-Napo-Bariso-Timatai-Tinamou-Botanico-Gran Ficus-Botanico",2025-07-08 20:18:00,2025-07-08 22:59:00,2.68333333333333
"YRS","Night",2025-07-08,"8:18 PM",2025-07-08,"10:59 PM","BOTA-01",142,"Pantano-Napo-Bariso-Timatai-Tinamou-Botanico-Gran Ficus-Botanico",2025-07-08 20:18:00,2025-07-08 22:59:00,2.68333333333333
"YRS","Night",2025-07-07,"8:26 PM",2025-07-07,"11:02 PM","TORR-01",900,"Torre-Forest Plot Perimeter-Forest Plot Interior-Forest Plot Perimeter",2025-07-07 20:26:00,2025-07-07 23:02:00,2.6
"YRS","Night",2025-07-07,"8:26 PM",2025-07-07,"11:02 PM","FPPE-06",69,"Torre-Forest Plot Perimeter-Forest Plot Interior-Forest Plot Perimeter",2025-07-07 20:26:00,2025-07-07 23:02:00,2.6
"YRS","Night",2025-07-07,"8:26 PM",2025-07-07,"11:02 PM","FPPE-03",88,"Torre-Forest Plot Perimeter-Forest Plot Interior-Forest Plot Perimeter",2025-07-07 20:26:00,2025-07-07 23:02:00,2.6
"YRS","Night",2025-07-07,"8:26 PM",2025-07-07,"11:02 PM","FPIN-01",1053,"Torre-Forest Plot Perimeter-Forest Plot Interior-Forest Plot Perimeter",2025-07-07 20:26:00,2025-07-07 23:02:00,2.6
"YRS","Night",2025-07-07,"8:26 PM",2025-07-07,"11:02 PM","FPPE-05",291,"Torre-Forest Plot Perimeter-Forest Plot Interior-Forest Plot Perimeter",2025-07-07 20:26:00,2025-07-07 23:02:00,2.6
"YRS","Night",2025-07-07,"8:26 PM",2025-07-07,"11:02 PM","FPPE-01",171,"Torre-Forest Plot Perimeter-Forest Plot Interior-Forest Plot Perimeter",2025-07-07 20:26:00,2025-07-07 23:02:00,2.6
"YRS","Night",2025-07-06,"8:13 PM",2025-07-06,"10:38 PM","YCHO-01",1230,"Chorongo-Kinkajou-Napo-Tucan-Garza-Napo",2025-07-06 20:13:00,2025-07-06 22:38:00,2.41666666666667
"YRS","Night",2025-07-06,"8:13 PM",2025-07-06,"10:38 PM","KINK-01",321,"Chorongo-Kinkajou-Napo-Tucan-Garza-Napo",2025-07-06 20:13:00,2025-07-06 22:38:00,2.41666666666667
"YRS","Night",2025-07-06,"8:13 PM",2025-07-06,"10:38 PM","NAPO-05",243,"Chorongo-Kinkajou-Napo-Tucan-Garza-Napo",2025-07-06 20:13:00,2025-07-06 22:38:00,2.41666666666667
"YRS","Night",2025-07-06,"8:13 PM",2025-07-06,"10:38 PM","TUCA-01",240,"Chorongo-Kinkajou-Napo-Tucan-Garza-Napo",2025-07-06 20:13:00,2025-07-06 22:38:00,2.41666666666667
"YRS","Night",2025-07-06,"8:13 PM",2025-07-06,"10:38 PM","GARZ-02",282,"Chorongo-Kinkajou-Napo-Tucan-Garza-Napo",2025-07-06 20:13:00,2025-07-06 22:38:00,2.41666666666667
"YRS","Night",2025-07-06,"8:13 PM",2025-07-06,"10:38 PM","NAPO-06",290,"Chorongo-Kinkajou-Napo-Tucan-Garza-Napo",2025-07-06 20:13:00,2025-07-06 22:38:00,2.41666666666667
"YRS","Night",2025-07-05,"8:26 PM",2025-07-05,"11:30 PM","COCA-01",301,"Coca-Ceiba-Peru-Tiputini-Peru",2025-07-05 20:26:00,2025-07-05 23:30:00,3.06666666666667
"YRS","Night",2025-07-05,"8:26 PM",2025-07-05,"11:30 PM","CEIB-02",463,"Coca-Ceiba-Peru-Tiputini-Peru",2025-07-05 20:26:00,2025-07-05 23:30:00,3.06666666666667
"YRS","Night",2025-07-05,"8:26 PM",2025-07-05,"11:30 PM","PERU-01",250,"Coca-Ceiba-Peru-Tiputini-Peru",2025-07-05 20:26:00,2025-07-05 23:30:00,3.06666666666667
"YRS","Night",2025-07-05,"8:26 PM",2025-07-05,"11:30 PM","PERU-02",738,"Coca-Ceiba-Peru-Tiputini-Peru",2025-07-05 20:26:00,2025-07-05 23:30:00,3.06666666666667
"YRS","Night",2025-07-05,"8:26 PM",2025-07-05,"11:30 PM","PERU-03",175,"Coca-Ceiba-Peru-Tiputini-Peru",2025-07-05 20:26:00,2025-07-05 23:30:00,3.06666666666667
"YRS","Night",2025-07-05,"8:26 PM",2025-07-05,"11:30 PM","TIPU-01",141,"Coca-Ceiba-Peru-Tiputini-Peru",2025-07-05 20:26:00,2025-07-05 23:30:00,3.06666666666667
"YRS","Night",2025-07-05,"8:26 PM",2025-07-05,"11:30 PM","PERU-04",259,"Coca-Ceiba-Peru-Tiputini-Peru",2025-07-05 20:26:00,2025-07-05 23:30:00,3.06666666666667
"YRS","Night",2025-07-05,"8:26 PM",2025-07-05,"11:30 PM","PERU-05",301,"Coca-Ceiba-Peru-Tiputini-Peru",2025-07-05 20:26:00,2025-07-05 23:30:00,3.06666666666667
"YRS","Night",2025-07-04,"8:21 PM",2025-07-04,"11:39 PM","FPPE-03",88,"Forest Plot Perimeter",2025-07-04 20:21:00,2025-07-04 23:39:00,3.3
"YRS","Night",2025-07-04,"8:21 PM",2025-07-04,"11:39 PM","FPPE-04",662,"Forest Plot Perimeter",2025-07-04 20:21:00,2025-07-04 23:39:00,3.3
"YRS","Night",2025-07-04,"8:21 PM",2025-07-04,"11:39 PM","FPPE-05",291,"Forest Plot Perimeter",2025-07-04 20:21:00,2025-07-04 23:39:00,3.3
"YRS","Night",2025-07-04,"8:21 PM",2025-07-04,"11:39 PM","FPPE-02",2520,"Forest Plot Perimeter",2025-07-04 20:21:00,2025-07-04 23:39:00,3.3
"TBS","Night",2025-07-02,"8:06 PM",2025-07-02,"10:53 PM","ANAC-01",388,"Anaconda-Lago",2025-07-02 20:06:00,2025-07-02 22:53:00,2.78333333333333
"TBS","Night",2025-07-02,"8:06 PM",2025-07-02,"10:53 PM","LAGO-02",1450,"Anaconda-Lago",2025-07-02 20:06:00,2025-07-02 22:53:00,2.78333333333333
"TBS","Night",2025-07-02,"8:06 PM",2025-07-02,"10:53 PM","LAGO-01",719,"Anaconda-Lago",2025-07-02 20:06:00,2025-07-02 22:53:00,2.78333333333333
"TBS","Night",2025-07-01,"8:48 PM",2025-07-01,"11:22 PM","HAPL-01",2220,"Harpia Plot-Harpia",2025-07-01 20:48:00,2025-07-01 23:22:00,2.56666666666667
"TBS","Night",2025-07-01,"8:48 PM",2025-07-01,"11:22 PM","HARP-01",483,"Harpia Plot-Harpia",2025-07-01 20:48:00,2025-07-01 23:22:00,2.56666666666667
"TBS","Night",2025-06-30,"8:12 PM",2025-06-30,"11:15 PM","PUMA-01",750,"Puma-Puma Plot",2025-06-30 20:12:00,2025-06-30 23:15:00,3.05
"TBS","Night",2025-06-30,"8:12 PM",2025-06-30,"11:15 PM","PUPL-01",270,"Puma-Puma Plot",2025-06-30 20:12:00,2025-06-30 23:15:00,3.05
"TBS","Night",2025-06-30,"8:12 PM",2025-06-30,"11:15 PM","PUPL-02",652,"Puma-Puma Plot",2025-06-30 20:12:00,2025-06-30 23:15:00,3.05
"TBS","Night",2025-06-30,"8:12 PM",2025-06-30,"11:15 PM","PUPL-04",411,"Puma-Puma Plot",2025-06-30 20:12:00,2025-06-30 23:15:00,3.05
"TBS","Night",2025-06-30,"8:12 PM",2025-06-30,"11:15 PM","PUPL-07",143,"Puma-Puma Plot",2025-06-30 20:12:00,2025-06-30 23:15:00,3.05
"TBS","Night",2025-06-30,"8:12 PM",2025-06-30,"11:15 PM","PUPL-05",105,"Puma-Puma Plot",2025-06-30 20:12:00,2025-06-30 23:15:00,3.05
"TBS","Night",2025-06-30,"8:12 PM",2025-06-30,"11:15 PM","PUPL-06",139,"Puma-Puma Plot",2025-06-30 20:12:00,2025-06-30 23:15:00,3.05
"TBS","Night",2025-06-30,"8:12 PM",2025-06-30,"11:15 PM","PUPL-10",248,"Puma-Puma Plot",2025-06-30 20:12:00,2025-06-30 23:15:00,3.05
"TBS","Night",2025-06-30,"8:12 PM",2025-06-30,"11:15 PM","PUPL-12",108,"Puma-Puma Plot",2025-06-30 20:12:00,2025-06-30 23:15:00,3.05
"TBS","Night",2025-06-29,"8:08 PM",2025-06-29,"11:03 PM","MAPO-01",53,"Matapalo-Numa/Matapalo Connector-Numa-Chichico-Matapalo-Numa",2025-06-29 20:08:00,2025-06-29 23:03:00,2.91666666666667
"TBS","Night",2025-06-29,"8:08 PM",2025-06-29,"11:03 PM","MAPO-02",170,"Matapalo-Numa/Matapalo Connector-Numa-Chichico-Matapalo-Numa",2025-06-29 20:08:00,2025-06-29 23:03:00,2.91666666666667
"TBS","Night",2025-06-29,"8:08 PM",2025-06-29,"11:03 PM","MANU-01",194,"Matapalo-Numa/Matapalo Connector-Numa-Chichico-Matapalo-Numa",2025-06-29 20:08:00,2025-06-29 23:03:00,2.91666666666667
"TBS","Night",2025-06-29,"8:08 PM",2025-06-29,"11:03 PM","NUMA-02",268,"Matapalo-Numa/Matapalo Connector-Numa-Chichico-Matapalo-Numa",2025-06-29 20:08:00,2025-06-29 23:03:00,2.91666666666667
"TBS","Night",2025-06-29,"8:08 PM",2025-06-29,"11:03 PM","CHIO-03",61,"Matapalo-Numa/Matapalo Connector-Numa-Chichico-Matapalo-Numa",2025-06-29 20:08:00,2025-06-29 23:03:00,2.91666666666667
"TBS","Night",2025-06-29,"8:08 PM",2025-06-29,"11:03 PM","CHIO-02",1000,"Matapalo-Numa/Matapalo Connector-Numa-Chichico-Matapalo-Numa",2025-06-29 20:08:00,2025-06-29 23:03:00,2.91666666666667
"TBS","Night",2025-06-29,"8:08 PM",2025-06-29,"11:03 PM","CHIO-01",609,"Matapalo-Numa/Matapalo Connector-Numa-Chichico-Matapalo-Numa",2025-06-29 20:08:00,2025-06-29 23:03:00,2.91666666666667
"TBS","Night",2025-06-29,"8:08 PM",2025-06-29,"11:03 PM","MAPO-06",359,"Matapalo-Numa/Matapalo Connector-Numa-Chichico-Matapalo-Numa",2025-06-29 20:08:00,2025-06-29 23:03:00,2.91666666666667
"TBS","Night",2025-06-29,"8:08 PM",2025-06-29,"11:03 PM","NUMA-01",290,"Matapalo-Numa/Matapalo Connector-Numa-Chichico-Matapalo-Numa",2025-06-29 20:08:00,2025-06-29 23:03:00,2.91666666666667
"TBS","Night",2025-06-28,"8:17 PM",2025-06-28,"10:36 PM","GUAC-03",279,"Guacamayo-Puma-Harpia-Chorongo",2025-06-28 20:17:00,2025-06-28 22:36:00,2.31666666666667
"TBS","Night",2025-06-28,"8:17 PM",2025-06-28,"10:36 PM","PUMA-01",750,"Guacamayo-Puma-Harpia-Chorongo",2025-06-28 20:17:00,2025-06-28 22:36:00,2.31666666666667
"TBS","Night",2025-06-28,"8:17 PM",2025-06-28,"10:36 PM","PUMA-02",388,"Guacamayo-Puma-Harpia-Chorongo",2025-06-28 20:17:00,2025-06-28 22:36:00,2.31666666666667
"TBS","Night",2025-06-28,"8:17 PM",2025-06-28,"10:36 PM","HARP-05",740,"Guacamayo-Puma-Harpia-Chorongo",2025-06-28 20:17:00,2025-06-28 22:36:00,2.31666666666667
"TBS","Night",2025-06-28,"8:17 PM",2025-06-28,"10:36 PM","TCHO-01",481,"Guacamayo-Puma-Harpia-Chorongo",2025-06-28 20:17:00,2025-06-28 22:36:00,2.31666666666667
"TBS","Night",2025-06-27,"8:10 PM",2025-06-27,"10:04 PM","GUAC-01",230,"Guacamayo-Danta-Lago",2025-06-27 20:10:00,2025-06-27 22:04:00,1.9
"TBS","Night",2025-06-27,"8:10 PM",2025-06-27,"10:04 PM","GUAC-02",301,"Guacamayo-Danta-Lago",2025-06-27 20:10:00,2025-06-27 22:04:00,1.9
"TBS","Night",2025-06-27,"8:10 PM",2025-06-27,"10:04 PM","DANT-01",591,"Guacamayo-Danta-Lago",2025-06-27 20:10:00,2025-06-27 22:04:00,1.9
"TBS","Night",2025-06-27,"8:10 PM",2025-06-27,"10:04 PM","LAGO-01",719,"Guacamayo-Danta-Lago",2025-06-27 20:10:00,2025-06-27 22:04:00,1.9
"TBS","Night",2025-06-26,"8:01 PM",2025-06-26,"10:51 PM","MAPO-01",53,"Matapalo-Murcielago-Puentes-Murcielago Pond-Matapalo-Chichico-Numa",2025-06-26 20:01:00,2025-06-26 22:51:00,2.83333333333333
"TBS","Night",2025-06-26,"8:01 PM",2025-06-26,"10:51 PM","MAPO-02",170,"Matapalo-Murcielago-Puentes-Murcielago Pond-Matapalo-Chichico-Numa",2025-06-26 20:01:00,2025-06-26 22:51:00,2.83333333333333
"TBS","Night",2025-06-26,"8:01 PM",2025-06-26,"10:51 PM","MAPO-03",388,"Matapalo-Murcielago-Puentes-Murcielago Pond-Matapalo-Chichico-Numa",2025-06-26 20:01:00,2025-06-26 22:51:00,2.83333333333333
"TBS","Night",2025-06-26,"8:01 PM",2025-06-26,"10:51 PM","MURC-01",156,"Matapalo-Murcielago-Puentes-Murcielago Pond-Matapalo-Chichico-Numa",2025-06-26 20:01:00,2025-06-26 22:51:00,2.83333333333333
"TBS","Night",2025-06-26,"8:01 PM",2025-06-26,"10:51 PM","MURC-02",122,"Matapalo-Murcielago-Puentes-Murcielago Pond-Matapalo-Chichico-Numa",2025-06-26 20:01:00,2025-06-26 22:51:00,2.83333333333333
"TBS","Night",2025-06-26,"8:01 PM",2025-06-26,"10:51 PM","PUEN-01",144,"Matapalo-Murcielago-Puentes-Murcielago Pond-Matapalo-Chichico-Numa",2025-06-26 20:01:00,2025-06-26 22:51:00,2.83333333333333
"TBS","Night",2025-06-26,"8:01 PM",2025-06-26,"10:51 PM","MUPO-01",410,"Matapalo-Murcielago-Puentes-Murcielago Pond-Matapalo-Chichico-Numa",2025-06-26 20:01:00,2025-06-26 22:51:00,2.83333333333333
"TBS","Night",2025-06-26,"8:01 PM",2025-06-26,"10:51 PM","MAPO-04",387,"Matapalo-Murcielago-Puentes-Murcielago Pond-Matapalo-Chichico-Numa",2025-06-26 20:01:00,2025-06-26 22:51:00,2.83333333333333
"TBS","Night",2025-06-26,"8:01 PM",2025-06-26,"10:51 PM","MAPO-05",250,"Matapalo-Murcielago-Puentes-Murcielago Pond-Matapalo-Chichico-Numa",2025-06-26 20:01:00,2025-06-26 22:51:00,2.83333333333333
"TBS","Night",2025-06-26,"8:01 PM",2025-06-26,"10:51 PM","MAPO-06",359,"Matapalo-Murcielago-Puentes-Murcielago Pond-Matapalo-Chichico-Numa",2025-06-26 20:01:00,2025-06-26 22:51:00,2.83333333333333
"TBS","Night",2025-06-26,"8:01 PM",2025-06-26,"10:51 PM","CHIO-03",61,"Matapalo-Murcielago-Puentes-Murcielago Pond-Matapalo-Chichico-Numa",2025-06-26 20:01:00,2025-06-26 22:51:00,2.83333333333333
"TBS","Night",2025-06-26,"8:01 PM",2025-06-26,"10:51 PM","NUMA-02",268,"Matapalo-Murcielago-Puentes-Murcielago Pond-Matapalo-Chichico-Numa",2025-06-26 20:01:00,2025-06-26 22:51:00,2.83333333333333
"TBS","Night",2025-06-25,"8:00 PM",2025-06-25,"10:22 PM","HAPL-01",2220,"Harpia Plot-Harpia",2025-06-25 20:00:00,2025-06-25 22:22:00,2.36666666666667
"TBS","Night",2025-06-25,"8:00 PM",2025-06-25,"10:22 PM","HARP-01",483,"Harpia Plot-Harpia",2025-06-25 20:00:00,2025-06-25 22:22:00,2.36666666666667
"TBS","Night",2025-06-23,"8:12 PM",2025-06-23,"11:04 PM","PUMA-01",750,"Puma-Puma Plot",2025-06-23 20:12:00,2025-06-23 23:04:00,2.86666666666667
"TBS","Night",2025-06-23,"8:12 PM",2025-06-23,"11:04 PM","PUPL-01",270,"Puma-Puma Plot",2025-06-23 20:12:00,2025-06-23 23:04:00,2.86666666666667
"TBS","Night",2025-06-23,"8:12 PM",2025-06-23,"11:04 PM","PUPL-02",652,"Puma-Puma Plot",2025-06-23 20:12:00,2025-06-23 23:04:00,2.86666666666667
"TBS","Night",2025-06-23,"8:12 PM",2025-06-23,"11:04 PM","PUPL-03",210,"Puma-Puma Plot",2025-06-23 20:12:00,2025-06-23 23:04:00,2.86666666666667
"TBS","Night",2025-06-23,"8:12 PM",2025-06-23,"11:04 PM","PUPL-04",411,"Puma-Puma Plot",2025-06-23 20:12:00,2025-06-23 23:04:00,2.86666666666667
"TBS","Night",2025-06-23,"8:12 PM",2025-06-23,"11:04 PM","PUPL-07",143,"Puma-Puma Plot",2025-06-23 20:12:00,2025-06-23 23:04:00,2.86666666666667
"TBS","Night",2025-06-23,"8:12 PM",2025-06-23,"11:04 PM","PUPL-05",105,"Puma-Puma Plot",2025-06-23 20:12:00,2025-06-23 23:04:00,2.86666666666667
"TBS","Night",2025-06-23,"8:12 PM",2025-06-23,"11:04 PM","PUPL-08",139,"Puma-Puma Plot",2025-06-23 20:12:00,2025-06-23 23:04:00,2.86666666666667
"TBS","Night",2025-06-23,"8:12 PM",2025-06-23,"11:04 PM","PUPL-06",139,"Puma-Puma Plot",2025-06-23 20:12:00,2025-06-23 23:04:00,2.86666666666667
"TBS","Night",2025-06-21,"8:43 PM",2025-06-21,"11:53 PM","PARA-01",3522,"Parahuaco",2025-06-21 20:43:00,2025-06-21 23:53:00,3.16666666666667
"TBS","Night",2025-06-20,"8:23 PM",2025-06-20,"11:07 PM","GUAC-03",279,"Guacamayo-Puma-Harpia-Chorongo",2025-06-20 20:23:00,2025-06-20 23:07:00,2.73333333333333
"TBS","Night",2025-06-20,"8:23 PM",2025-06-20,"11:07 PM","PUMA-01",750,"Guacamayo-Puma-Harpia-Chorongo",2025-06-20 20:23:00,2025-06-20 23:07:00,2.73333333333333
"TBS","Night",2025-06-20,"8:23 PM",2025-06-20,"11:07 PM","PUMA-02",388,"Guacamayo-Puma-Harpia-Chorongo",2025-06-20 20:23:00,2025-06-20 23:07:00,2.73333333333333
"TBS","Night",2025-06-20,"8:23 PM",2025-06-20,"11:07 PM","HARP-05",740,"Guacamayo-Puma-Harpia-Chorongo",2025-06-20 20:23:00,2025-06-20 23:07:00,2.73333333333333
"TBS","Night",2025-06-20,"8:23 PM",2025-06-20,"11:07 PM","TCHO-01",481,"Guacamayo-Puma-Harpia-Chorongo",2025-06-20 20:23:00,2025-06-20 23:07:00,2.73333333333333
"YRS","Night",2025-06-18,"8:47 PM",2025-06-18,"10:56 PM","MIRA-04",760,"Mirador",2025-06-18 20:47:00,2025-06-18 22:56:00,2.15
"YRS","Night",2025-06-18,"8:47 PM",2025-06-18,"10:56 PM","MIRA-03",158,"Mirador",2025-06-18 20:47:00,2025-06-18 22:56:00,2.15
"YRS","Night",2025-06-18,"8:47 PM",2025-06-18,"10:56 PM","MIRA-02",592,"Mirador",2025-06-18 20:47:00,2025-06-18 22:56:00,2.15
"YRS","Night",2025-06-18,"8:47 PM",2025-06-18,"10:56 PM","MIRA-01",550,"Mirador",2025-06-18 20:47:00,2025-06-18 22:56:00,2.15
"YRS","Night",2025-06-17,"8:17 PM",2025-06-17,"11:35 PM","FPPE-03",88,"Forest Plot Perimeter",2025-06-17 20:17:00,2025-06-17 23:35:00,3.3
"YRS","Night",2025-06-17,"8:17 PM",2025-06-17,"11:35 PM","FPPE-04",662,"Forest Plot Perimeter",2025-06-17 20:17:00,2025-06-17 23:35:00,3.3
"YRS","Night",2025-06-17,"8:17 PM",2025-06-17,"11:35 PM","FPPE-05",291,"Forest Plot Perimeter",2025-06-17 20:17:00,2025-06-17 23:35:00,3.3
"YRS","Night",2025-06-17,"8:17 PM",2025-06-17,"11:35 PM","FPPE-02",2520,"Forest Plot Perimeter",2025-06-17 20:17:00,2025-06-17 23:35:00,3.3
"YRS","Night",2025-06-15,"8:34 PM",2025-06-15,"11:24 PM","TORR-01",900,"Torre-Forest Plot Perimeter-Forest Plot Interior-Forest Plot Perimeter",2025-06-15 20:34:00,2025-06-15 23:24:00,2.83333333333333
"YRS","Night",2025-06-15,"8:34 PM",2025-06-15,"11:24 PM","FPPE-06",69,"Torre-Forest Plot Perimeter-Forest Plot Interior-Forest Plot Perimeter",2025-06-15 20:34:00,2025-06-15 23:24:00,2.83333333333333
"YRS","Night",2025-06-15,"8:34 PM",2025-06-15,"11:24 PM","FPPE-03",88,"Torre-Forest Plot Perimeter-Forest Plot Interior-Forest Plot Perimeter",2025-06-15 20:34:00,2025-06-15 23:24:00,2.83333333333333
"YRS","Night",2025-06-15,"8:34 PM",2025-06-15,"11:24 PM","FPIN-01",1053,"Torre-Forest Plot Perimeter-Forest Plot Interior-Forest Plot Perimeter",2025-06-15 20:34:00,2025-06-15 23:24:00,2.83333333333333
"YRS","Night",2025-06-15,"8:34 PM",2025-06-15,"11:24 PM","FPPE-05",291,"Torre-Forest Plot Perimeter-Forest Plot Interior-Forest Plot Perimeter",2025-06-15 20:34:00,2025-06-15 23:24:00,2.83333333333333
"YRS","Night",2025-06-15,"8:34 PM",2025-06-15,"11:24 PM","FPPE-01",171,"Torre-Forest Plot Perimeter-Forest Plot Interior-Forest Plot Perimeter",2025-06-15 20:34:00,2025-06-15 23:24:00,2.83333333333333
"YRS","Night",2025-06-14,"8:04 PM",2025-06-14,"10:40 PM","BOTA-01",142,"Botanico-Tinamou-Napo-Bariso-Timatai-Napo-Pantano-Botanico-Gran Ficus",2025-06-14 20:04:00,2025-06-14 22:40:00,2.6
"YRS","Night",2025-06-14,"8:04 PM",2025-06-14,"10:40 PM","TINA-01",65,"Botanico-Tinamou-Napo-Bariso-Timatai-Napo-Pantano-Botanico-Gran Ficus",2025-06-14 20:04:00,2025-06-14 22:40:00,2.6
"YRS","Night",2025-06-14,"8:04 PM",2025-06-14,"10:40 PM","TINA-02",509,"Botanico-Tinamou-Napo-Bariso-Timatai-Napo-Pantano-Botanico-Gran Ficus",2025-06-14 20:04:00,2025-06-14 22:40:00,2.6
"YRS","Night",2025-06-14,"8:04 PM",2025-06-14,"10:40 PM","NAPO-02",419,"Botanico-Tinamou-Napo-Bariso-Timatai-Napo-Pantano-Botanico-Gran Ficus",2025-06-14 20:04:00,2025-06-14 22:40:00,2.6
"YRS","Night",2025-06-14,"8:04 PM",2025-06-14,"10:40 PM","NAPO-03",157,"Botanico-Tinamou-Napo-Bariso-Timatai-Napo-Pantano-Botanico-Gran Ficus",2025-06-14 20:04:00,2025-06-14 22:40:00,2.6
"YRS","Night",2025-06-14,"8:04 PM",2025-06-14,"10:40 PM","BARI-02",183,"Botanico-Tinamou-Napo-Bariso-Timatai-Napo-Pantano-Botanico-Gran Ficus",2025-06-14 20:04:00,2025-06-14 22:40:00,2.6
"YRS","Night",2025-06-14,"8:04 PM",2025-06-14,"10:40 PM","TIMA-01",128,"Botanico-Tinamou-Napo-Bariso-Timatai-Napo-Pantano-Botanico-Gran Ficus",2025-06-14 20:04:00,2025-06-14 22:40:00,2.6
"YRS","Night",2025-06-14,"8:04 PM",2025-06-14,"10:40 PM","NAPO-01",135,"Botanico-Tinamou-Napo-Bariso-Timatai-Napo-Pantano-Botanico-Gran Ficus",2025-06-14 20:04:00,2025-06-14 22:40:00,2.6
"YRS","Night",2025-06-14,"8:04 PM",2025-06-14,"10:40 PM","PANT-01",103,"Botanico-Tinamou-Napo-Bariso-Timatai-Napo-Pantano-Botanico-Gran Ficus",2025-06-14 20:04:00,2025-06-14 22:40:00,2.6
"YRS","Night",2025-06-14,"8:04 PM",2025-06-14,"10:40 PM","BOTA-03",250,"Botanico-Tinamou-Napo-Bariso-Timatai-Napo-Pantano-Botanico-Gran Ficus",2025-06-14 20:04:00,2025-06-14 22:40:00,2.6
"YRS","Night",2025-06-14,"8:04 PM",2025-06-14,"10:40 PM","BOTA-02",69,"Botanico-Tinamou-Napo-Bariso-Timatai-Napo-Pantano-Botanico-Gran Ficus",2025-06-14 20:04:00,2025-06-14 22:40:00,2.6
"YRS","Night",2025-06-14,"8:04 PM",2025-06-14,"10:40 PM","GRFI-01",96,"Botanico-Tinamou-Napo-Bariso-Timatai-Napo-Pantano-Botanico-Gran Ficus",2025-06-14 20:04:00,2025-06-14 22:40:00,2.6
"YRS","Night",2025-06-12,"8:01 PM",2025-06-12,"10:53 PM","GAWA-01",272,"Gawape-Chorongo-Kinkajou-Napo-Tucan-Garza",2025-06-12 20:01:00,2025-06-12 22:53:00,2.86666666666667
"YRS","Night",2025-06-12,"8:01 PM",2025-06-12,"10:53 PM","GAWA-02",650,"Gawape-Chorongo-Kinkajou-Napo-Tucan-Garza",2025-06-12 20:01:00,2025-06-12 22:53:00,2.86666666666667
"YRS","Night",2025-06-12,"8:01 PM",2025-06-12,"10:53 PM","GAWA-03",692,"Gawape-Chorongo-Kinkajou-Napo-Tucan-Garza",2025-06-12 20:01:00,2025-06-12 22:53:00,2.86666666666667
"YRS","Night",2025-06-12,"8:01 PM",2025-06-12,"10:53 PM","YCHO-02",691,"Gawape-Chorongo-Kinkajou-Napo-Tucan-Garza",2025-06-12 20:01:00,2025-06-12 22:53:00,2.86666666666667
"YRS","Night",2025-06-12,"8:01 PM",2025-06-12,"10:53 PM","KINK-01",321,"Gawape-Chorongo-Kinkajou-Napo-Tucan-Garza",2025-06-12 20:01:00,2025-06-12 22:53:00,2.86666666666667
"YRS","Night",2025-06-12,"8:01 PM",2025-06-12,"10:53 PM","NAPO-05",243,"Gawape-Chorongo-Kinkajou-Napo-Tucan-Garza",2025-06-12 20:01:00,2025-06-12 22:53:00,2.86666666666667
"YRS","Night",2025-06-12,"8:01 PM",2025-06-12,"10:53 PM","TUCA-01",240,"Gawape-Chorongo-Kinkajou-Napo-Tucan-Garza",2025-06-12 20:01:00,2025-06-12 22:53:00,2.86666666666667
"YRS","Night",2025-06-12,"8:01 PM",2025-06-12,"10:53 PM","GARZ-01",223,"Gawape-Chorongo-Kinkajou-Napo-Tucan-Garza",2025-06-12 20:01:00,2025-06-12 22:53:00,2.86666666666667
"YRS","Night",2025-06-10,"8:07 PM",2025-06-10,"10:33 PM","CEIB-01",490,"Ceiba-Peru",2025-06-10 20:07:00,2025-06-10 22:33:00,2.43333333333333
"YRS","Night",2025-06-10,"8:07 PM",2025-06-10,"10:33 PM","PERU-01",250,"Ceiba-Peru",2025-06-10 20:07:00,2025-06-10 22:33:00,2.43333333333333
"YRS","Night",2025-06-10,"8:07 PM",2025-06-10,"10:33 PM","PERU-02",738,"Ceiba-Peru",2025-06-10 20:07:00,2025-06-10 22:33:00,2.43333333333333
"YRS","Night",2025-06-10,"8:07 PM",2025-06-10,"10:33 PM","PERU-03",175,"Ceiba-Peru",2025-06-10 20:07:00,2025-06-10 22:33:00,2.43333333333333
"YRS","Night",2025-06-10,"8:07 PM",2025-06-10,"10:33 PM","PERU-04",259,"Ceiba-Peru",2025-06-10 20:07:00,2025-06-10 22:33:00,2.43333333333333
"YRS","Night",2025-06-10,"8:07 PM",2025-06-10,"10:33 PM","PERU-05",301,"Ceiba-Peru",2025-06-10 20:07:00,2025-06-10 22:33:00,2.43333333333333
"YRS","Night",2025-06-09,"8:15 PM",2025-06-09,"11:03 PM","YCHO-01",1230,"Chorongo-Kinkajou-Napo-Bariso-Tinamou-Botanico",2025-06-09 20:15:00,2025-06-09 23:03:00,2.8
"YRS","Night",2025-06-09,"8:15 PM",2025-06-09,"11:03 PM","KINK-01",321,"Chorongo-Kinkajou-Napo-Bariso-Tinamou-Botanico",2025-06-09 20:15:00,2025-06-09 23:03:00,2.8
"YRS","Night",2025-06-09,"8:15 PM",2025-06-09,"11:03 PM","NAPO-04",220,"Chorongo-Kinkajou-Napo-Bariso-Tinamou-Botanico",2025-06-09 20:15:00,2025-06-09 23:03:00,2.8
"YRS","Night",2025-06-09,"8:15 PM",2025-06-09,"11:03 PM","BARI-02",183,"Chorongo-Kinkajou-Napo-Bariso-Tinamou-Botanico",2025-06-09 20:15:00,2025-06-09 23:03:00,2.8
"YRS","Night",2025-06-09,"8:15 PM",2025-06-09,"11:03 PM","BARI-01",340,"Chorongo-Kinkajou-Napo-Bariso-Tinamou-Botanico",2025-06-09 20:15:00,2025-06-09 23:03:00,2.8
"YRS","Night",2025-06-09,"8:15 PM",2025-06-09,"11:03 PM","TINA-01",65,"Chorongo-Kinkajou-Napo-Bariso-Tinamou-Botanico",2025-06-09 20:15:00,2025-06-09 23:03:00,2.8
"YRS","Night",2025-06-09,"8:15 PM",2025-06-09,"11:03 PM","BOTA-01",142,"Chorongo-Kinkajou-Napo-Bariso-Tinamou-Botanico",2025-06-09 20:15:00,2025-06-09 23:03:00,2.8
"TBS","Night",2025-06-07,"7:59 PM",2025-06-07,"10:26 PM","GUAC-01",230,"Guacamayo-Danta-Lago",2025-06-07 19:59:00,2025-06-07 22:26:00,2.45
"TBS","Night",2025-06-07,"7:59 PM",2025-06-07,"10:26 PM","GUAC-02",301,"Guacamayo-Danta-Lago",2025-06-07 19:59:00,2025-06-07 22:26:00,2.45
"TBS","Night",2025-06-07,"7:59 PM",2025-06-07,"10:26 PM","DANT-01",591,"Guacamayo-Danta-Lago",2025-06-07 19:59:00,2025-06-07 22:26:00,2.45
"TBS","Night",2025-06-07,"7:59 PM",2025-06-07,"10:26 PM","LAGO-01",719,"Guacamayo-Danta-Lago",2025-06-07 19:59:00,2025-06-07 22:26:00,2.45
"TBS","Night",2025-06-06,"8:08 PM",2025-06-06,"11:02 PM","MAPO-02",170,"Matapalo-Murcielago-Puentes-Matapalo-Chichico-Numa",2025-06-06 20:08:00,2025-06-06 23:02:00,2.9
"TBS","Night",2025-06-06,"8:08 PM",2025-06-06,"11:02 PM","MAPO-03",388,"Matapalo-Murcielago-Puentes-Matapalo-Chichico-Numa",2025-06-06 20:08:00,2025-06-06 23:02:00,2.9
"TBS","Night",2025-06-06,"8:08 PM",2025-06-06,"11:02 PM","MURC-01",156,"Matapalo-Murcielago-Puentes-Matapalo-Chichico-Numa",2025-06-06 20:08:00,2025-06-06 23:02:00,2.9
"TBS","Night",2025-06-06,"8:08 PM",2025-06-06,"11:02 PM","MURC-02",122,"Matapalo-Murcielago-Puentes-Matapalo-Chichico-Numa",2025-06-06 20:08:00,2025-06-06 23:02:00,2.9
"TBS","Night",2025-06-06,"8:08 PM",2025-06-06,"11:02 PM","PUEN-01",144,"Matapalo-Murcielago-Puentes-Matapalo-Chichico-Numa",2025-06-06 20:08:00,2025-06-06 23:02:00,2.9
"TBS","Night",2025-06-06,"8:08 PM",2025-06-06,"11:02 PM","MAPO-04",387,"Matapalo-Murcielago-Puentes-Matapalo-Chichico-Numa",2025-06-06 20:08:00,2025-06-06 23:02:00,2.9
"TBS","Night",2025-06-06,"8:08 PM",2025-06-06,"11:02 PM","MAPO-05",250,"Matapalo-Murcielago-Puentes-Matapalo-Chichico-Numa",2025-06-06 20:08:00,2025-06-06 23:02:00,2.9
"TBS","Night",2025-06-06,"8:08 PM",2025-06-06,"11:02 PM","MAPO-06",359,"Matapalo-Murcielago-Puentes-Matapalo-Chichico-Numa",2025-06-06 20:08:00,2025-06-06 23:02:00,2.9
"TBS","Night",2025-06-06,"8:08 PM",2025-06-06,"11:02 PM","CHIO-03",61,"Matapalo-Murcielago-Puentes-Matapalo-Chichico-Numa",2025-06-06 20:08:00,2025-06-06 23:02:00,2.9
"TBS","Night",2025-06-06,"8:08 PM",2025-06-06,"11:02 PM","NUMA-02",268,"Matapalo-Murcielago-Puentes-Matapalo-Chichico-Numa",2025-06-06 20:08:00,2025-06-06 23:02:00,2.9
"TBS","Night",2025-06-04,"8:12 PM",2025-06-04,"10:32 PM","ANAC-01",388,"Anaconda-Lago",2025-06-04 20:12:00,2025-06-04 22:32:00,2.33333333333333
"TBS","Night",2025-06-04,"8:12 PM",2025-06-04,"10:32 PM","LAGO-02",1450,"Anaconda-Lago",2025-06-04 20:12:00,2025-06-04 22:32:00,2.33333333333333
"TBS","Night",2025-06-03,"8:49 PM",2025-06-03,"11:05 PM","NUMA-01",290,"Numa-Chichico",2025-06-03 20:49:00,2025-06-03 23:05:00,2.26666666666667
"TBS","Night",2025-06-03,"8:49 PM",2025-06-03,"11:05 PM","CHIO-03",61,"Numa-Chichico",2025-06-03 20:49:00,2025-06-03 23:05:00,2.26666666666667
"TBS","Night",2025-06-03,"8:49 PM",2025-06-03,"11:05 PM","CHIO-02",1000,"Numa-Chichico",2025-06-03 20:49:00,2025-06-03 23:05:00,2.26666666666667
"TBS","Night",2025-06-03,"8:49 PM",2025-06-03,"11:05 PM","CHIO-01",609,"Numa-Chichico",2025-06-03 20:49:00,2025-06-03 23:05:00,2.26666666666667
"YRS","Night",2024-08-01,"8:07 PM",2024-08-01,"10:19 PM","TINA-01",65,"Tinamou-Napo-Pantano-Botanico-Gran Ficus",2024-08-01 20:07:00,2024-08-01 22:19:00,2.2
"YRS","Night",2024-08-01,"8:07 PM",2024-08-01,"10:19 PM","TINA-02",509,"Tinamou-Napo-Pantano-Botanico-Gran Ficus",2024-08-01 20:07:00,2024-08-01 22:19:00,2.2
"YRS","Night",2024-08-01,"8:07 PM",2024-08-01,"10:19 PM","NAPO-02",419,"Tinamou-Napo-Pantano-Botanico-Gran Ficus",2024-08-01 20:07:00,2024-08-01 22:19:00,2.2
"YRS","Night",2024-08-01,"8:07 PM",2024-08-01,"10:19 PM","NAPO-01",135,"Tinamou-Napo-Pantano-Botanico-Gran Ficus",2024-08-01 20:07:00,2024-08-01 22:19:00,2.2
"YRS","Night",2024-08-01,"8:07 PM",2024-08-01,"10:19 PM","PANT-01",103,"Tinamou-Napo-Pantano-Botanico-Gran Ficus",2024-08-01 20:07:00,2024-08-01 22:19:00,2.2
"YRS","Night",2024-08-01,"8:07 PM",2024-08-01,"10:19 PM","BOTA-03",250,"Tinamou-Napo-Pantano-Botanico-Gran Ficus",2024-08-01 20:07:00,2024-08-01 22:19:00,2.2
"YRS","Night",2024-08-01,"8:07 PM",2024-08-01,"10:19 PM","BOTA-02",69,"Tinamou-Napo-Pantano-Botanico-Gran Ficus",2024-08-01 20:07:00,2024-08-01 22:19:00,2.2
"YRS","Night",2024-08-01,"8:07 PM",2024-08-01,"10:19 PM","GRFI-01",96,"Tinamou-Napo-Pantano-Botanico-Gran Ficus",2024-08-01 20:07:00,2024-08-01 22:19:00,2.2
"YRS","Night",2024-07-31,"8:38 PM",2024-07-31,"11:53 PM","TORR-01",900,"Torre-Forest Plot North Edge-Forest Plot Interior",2024-07-31 20:38:00,2024-07-31 23:53:00,3.25
"YRS","Night",2024-07-31,"8:38 PM",2024-07-31,"11:53 PM","FPPE-06",69,"Torre-Forest Plot North Edge-Forest Plot Interior",2024-07-31 20:38:00,2024-07-31 23:53:00,3.25
"YRS","Night",2024-07-31,"8:38 PM",2024-07-31,"11:53 PM","FPPE-03",88,"Torre-Forest Plot North Edge-Forest Plot Interior",2024-07-31 20:38:00,2024-07-31 23:53:00,3.25
"YRS","Night",2024-07-31,"8:38 PM",2024-07-31,"11:53 PM","FPIN-01",1053,"Torre-Forest Plot North Edge-Forest Plot Interior",2024-07-31 20:38:00,2024-07-31 23:53:00,3.25
"YRS","Night",2024-07-29,"8:20 PM",2024-07-29,"10:48 PM","YCHO-01",1230,"Chorongo-Kinkajou-Napo-Bariso-Tinamou-Botanico",2024-07-29 20:20:00,2024-07-29 22:48:00,2.46666666666667
"YRS","Night",2024-07-29,"8:20 PM",2024-07-29,"10:48 PM","KINK-01",321,"Chorongo-Kinkajou-Napo-Bariso-Tinamou-Botanico",2024-07-29 20:20:00,2024-07-29 22:48:00,2.46666666666667
"YRS","Night",2024-07-29,"8:20 PM",2024-07-29,"10:48 PM","NAPO-04",220,"Chorongo-Kinkajou-Napo-Bariso-Tinamou-Botanico",2024-07-29 20:20:00,2024-07-29 22:48:00,2.46666666666667
"YRS","Night",2024-07-29,"8:20 PM",2024-07-29,"10:48 PM","BARI-02",183,"Chorongo-Kinkajou-Napo-Bariso-Tinamou-Botanico",2024-07-29 20:20:00,2024-07-29 22:48:00,2.46666666666667
"YRS","Night",2024-07-29,"8:20 PM",2024-07-29,"10:48 PM","BARI-01",340,"Chorongo-Kinkajou-Napo-Bariso-Tinamou-Botanico",2024-07-29 20:20:00,2024-07-29 22:48:00,2.46666666666667
"YRS","Night",2024-07-29,"8:20 PM",2024-07-29,"10:48 PM","TINA-01",65,"Chorongo-Kinkajou-Napo-Bariso-Tinamou-Botanico",2024-07-29 20:20:00,2024-07-29 22:48:00,2.46666666666667
"YRS","Night",2024-07-29,"8:20 PM",2024-07-29,"10:48 PM","BOTA-01",142,"Chorongo-Kinkajou-Napo-Bariso-Tinamou-Botanico",2024-07-29 20:20:00,2024-07-29 22:48:00,2.46666666666667
"YRS","Night",2024-07-28,"8:27 PM",2024-07-28,"11:31 PM","PERU-05",301,"Peru-Ceiba",2024-07-28 20:27:00,2024-07-28 23:31:00,3.06666666666667
"YRS","Night",2024-07-28,"8:27 PM",2024-07-28,"11:31 PM","PERU-04",259,"Peru-Ceiba",2024-07-28 20:27:00,2024-07-28 23:31:00,3.06666666666667
"YRS","Night",2024-07-28,"8:27 PM",2024-07-28,"11:31 PM","PERU-03",175,"Peru-Ceiba",2024-07-28 20:27:00,2024-07-28 23:31:00,3.06666666666667
"YRS","Night",2024-07-28,"8:27 PM",2024-07-28,"11:31 PM","PERU-02",738,"Peru-Ceiba",2024-07-28 20:27:00,2024-07-28 23:31:00,3.06666666666667
"YRS","Night",2024-07-28,"8:27 PM",2024-07-28,"11:31 PM","PERU-01",250,"Peru-Ceiba",2024-07-28 20:27:00,2024-07-28 23:31:00,3.06666666666667
"YRS","Night",2024-07-28,"8:27 PM",2024-07-28,"11:31 PM","CEIB-01",490,"Peru-Ceiba",2024-07-28 20:27:00,2024-07-28 23:31:00,3.06666666666667
"YRS","Night",2024-07-26,"8:02 PM",2024-07-26,"10:54 PM","GAWA-01",272,"Gawape-Garza-Tucan-Napo-Kinkajou-Chorongo-Tucan-Gawape",2024-07-26 20:02:00,2024-07-26 22:54:00,2.86666666666667
"YRS","Night",2024-07-26,"8:02 PM",2024-07-26,"10:54 PM","GARZ-01",223,"Gawape-Garza-Tucan-Napo-Kinkajou-Chorongo-Tucan-Gawape",2024-07-26 20:02:00,2024-07-26 22:54:00,2.86666666666667
"YRS","Night",2024-07-26,"8:02 PM",2024-07-26,"10:54 PM","TUCA-01",240,"Gawape-Garza-Tucan-Napo-Kinkajou-Chorongo-Tucan-Gawape",2024-07-26 20:02:00,2024-07-26 22:54:00,2.86666666666667
"YRS","Night",2024-07-26,"8:02 PM",2024-07-26,"10:54 PM","NAPO-05",243,"Gawape-Garza-Tucan-Napo-Kinkajou-Chorongo-Tucan-Gawape",2024-07-26 20:02:00,2024-07-26 22:54:00,2.86666666666667
"YRS","Night",2024-07-26,"8:02 PM",2024-07-26,"10:54 PM","KINK-01",321,"Gawape-Garza-Tucan-Napo-Kinkajou-Chorongo-Tucan-Gawape",2024-07-26 20:02:00,2024-07-26 22:54:00,2.86666666666667
"YRS","Night",2024-07-26,"8:02 PM",2024-07-26,"10:54 PM","YCHO-02",691,"Gawape-Garza-Tucan-Napo-Kinkajou-Chorongo-Tucan-Gawape",2024-07-26 20:02:00,2024-07-26 22:54:00,2.86666666666667
"YRS","Night",2024-07-26,"8:02 PM",2024-07-26,"10:54 PM","GAWA-03",692,"Gawape-Garza-Tucan-Napo-Kinkajou-Chorongo-Tucan-Gawape",2024-07-26 20:02:00,2024-07-26 22:54:00,2.86666666666667
"YRS","Night",2024-07-26,"8:02 PM",2024-07-26,"10:54 PM","GAWA-02",650,"Gawape-Garza-Tucan-Napo-Kinkajou-Chorongo-Tucan-Gawape",2024-07-26 20:02:00,2024-07-26 22:54:00,2.86666666666667
"YRS","Night",2024-07-25,"8:19 PM",2024-07-25,"10:44 PM","FPPE-01",171,"Forest Plot North Edge-Forest Plot Interior-Forest Plot North Edge-Torre",2024-07-25 20:19:00,2024-07-25 22:44:00,2.41666666666667
"YRS","Night",2024-07-25,"8:19 PM",2024-07-25,"10:44 PM","FPPE-05",291,"Forest Plot North Edge-Forest Plot Interior-Forest Plot North Edge-Torre",2024-07-25 20:19:00,2024-07-25 22:44:00,2.41666666666667
"YRS","Night",2024-07-25,"8:19 PM",2024-07-25,"10:44 PM","FPIN-01",1053,"Forest Plot North Edge-Forest Plot Interior-Forest Plot North Edge-Torre",2024-07-25 20:19:00,2024-07-25 22:44:00,2.41666666666667
"YRS","Night",2024-07-25,"8:19 PM",2024-07-25,"10:44 PM","FPPE-03",88,"Forest Plot North Edge-Forest Plot Interior-Forest Plot North Edge-Torre",2024-07-25 20:19:00,2024-07-25 22:44:00,2.41666666666667
"YRS","Night",2024-07-25,"8:19 PM",2024-07-25,"10:44 PM","FPPE-06",69,"Forest Plot North Edge-Forest Plot Interior-Forest Plot North Edge-Torre",2024-07-25 20:19:00,2024-07-25 22:44:00,2.41666666666667
"YRS","Night",2024-07-25,"8:19 PM",2024-07-25,"10:44 PM","TORR-01",900,"Forest Plot North Edge-Forest Plot Interior-Forest Plot North Edge-Torre",2024-07-25 20:19:00,2024-07-25 22:44:00,2.41666666666667
"YRS","Night",2024-07-23,"8:09 PM",2024-07-23,"10:45 PM","TINA-01",65,"Tinamou-Napo-Pantano-Botanico-Gran Ficus",2024-07-23 20:09:00,2024-07-23 22:45:00,2.6
"YRS","Night",2024-07-23,"8:09 PM",2024-07-23,"10:45 PM","TINA-02",509,"Tinamou-Napo-Pantano-Botanico-Gran Ficus",2024-07-23 20:09:00,2024-07-23 22:45:00,2.6
"YRS","Night",2024-07-23,"8:09 PM",2024-07-23,"10:45 PM","NAPO-02",419,"Tinamou-Napo-Pantano-Botanico-Gran Ficus",2024-07-23 20:09:00,2024-07-23 22:45:00,2.6
"YRS","Night",2024-07-23,"8:09 PM",2024-07-23,"10:45 PM","NAPO-01",135,"Tinamou-Napo-Pantano-Botanico-Gran Ficus",2024-07-23 20:09:00,2024-07-23 22:45:00,2.6
"YRS","Night",2024-07-23,"8:09 PM",2024-07-23,"10:45 PM","PANT-01",103,"Tinamou-Napo-Pantano-Botanico-Gran Ficus",2024-07-23 20:09:00,2024-07-23 22:45:00,2.6
"YRS","Night",2024-07-23,"8:09 PM",2024-07-23,"10:45 PM","BOTA-03",250,"Tinamou-Napo-Pantano-Botanico-Gran Ficus",2024-07-23 20:09:00,2024-07-23 22:45:00,2.6
"YRS","Night",2024-07-23,"8:09 PM",2024-07-23,"10:45 PM","BOTA-02",69,"Tinamou-Napo-Pantano-Botanico-Gran Ficus",2024-07-23 20:09:00,2024-07-23 22:45:00,2.6
"YRS","Night",2024-07-23,"8:09 PM",2024-07-23,"10:45 PM","GRFI-01",96,"Tinamou-Napo-Pantano-Botanico-Gran Ficus",2024-07-23 20:09:00,2024-07-23 22:45:00,2.6
"TBS","Night",2024-07-20,"8:06 PM",2024-07-20,"11:51 PM","PUMA-01",750,"Puma-Puma Plot",2024-07-20 20:06:00,2024-07-20 23:51:00,3.75
"TBS","Night",2024-07-20,"8:06 PM",2024-07-20,"11:51 PM","PUPL-01",270,"Puma-Puma Plot",2024-07-20 20:06:00,2024-07-20 23:51:00,3.75
"TBS","Night",2024-07-20,"8:06 PM",2024-07-20,"11:51 PM","PUPL-10",248,"Puma-Puma Plot",2024-07-20 20:06:00,2024-07-20 23:51:00,3.75
"TBS","Night",2024-07-20,"8:06 PM",2024-07-20,"11:51 PM","PUPL-02",652,"Puma-Puma Plot",2024-07-20 20:06:00,2024-07-20 23:51:00,3.75
"TBS","Night",2024-07-20,"8:06 PM",2024-07-20,"11:51 PM","PUPL-03",210,"Puma-Puma Plot",2024-07-20 20:06:00,2024-07-20 23:51:00,3.75
"TBS","Night",2024-07-20,"8:06 PM",2024-07-20,"11:51 PM","PUPL-04",411,"Puma-Puma Plot",2024-07-20 20:06:00,2024-07-20 23:51:00,3.75
"TBS","Night",2024-07-20,"8:06 PM",2024-07-20,"11:51 PM","PUPL-05",105,"Puma-Puma Plot",2024-07-20 20:06:00,2024-07-20 23:51:00,3.75
"TBS","Night",2024-07-20,"8:06 PM",2024-07-20,"11:51 PM","PUPL-06",139,"Puma-Puma Plot",2024-07-20 20:06:00,2024-07-20 23:51:00,3.75
"TBS","Night",2024-07-20,"8:06 PM",2024-07-20,"11:51 PM","PUPL-12",108,"Puma-Puma Plot",2024-07-20 20:06:00,2024-07-20 23:51:00,3.75
"TBS","Night",2024-07-20,"8:06 PM",2024-07-20,"11:51 PM","PUPL-11",324,"Puma-Puma Plot",2024-07-20 20:06:00,2024-07-20 23:51:00,3.75
"TBS","Night",2024-07-18,"8:00 PM",2024-07-18,"10:50 PM","HAPL-01",2220,"Harpia Plot-Harpia-Matapalo",2024-07-18 20:00:00,2024-07-18 22:50:00,2.83333333333333
"TBS","Night",2024-07-18,"8:00 PM",2024-07-18,"10:50 PM","HARP-01",483,"Harpia Plot-Harpia-Matapalo",2024-07-18 20:00:00,2024-07-18 22:50:00,2.83333333333333
"TBS","Night",2024-07-18,"8:00 PM",2024-07-18,"10:50 PM","MAPO-02",170,"Harpia Plot-Harpia-Matapalo",2024-07-18 20:00:00,2024-07-18 22:50:00,2.83333333333333
"TBS","Night",2024-07-18,"8:00 PM",2024-07-18,"10:50 PM","MAPO-01",53,"Harpia Plot-Harpia-Matapalo",2024-07-18 20:00:00,2024-07-18 22:50:00,2.83333333333333
"TBS","Night",2024-07-17,"8:14 PM",2024-07-17,"11:22 PM","PUMA-01",750,"Puma-Puma Plot",2024-07-17 20:14:00,2024-07-17 23:22:00,3.13333333333333
"TBS","Night",2024-07-17,"8:14 PM",2024-07-17,"11:22 PM","PUPL-01",270,"Puma-Puma Plot",2024-07-17 20:14:00,2024-07-17 23:22:00,3.13333333333333
"TBS","Night",2024-07-17,"8:14 PM",2024-07-17,"11:22 PM","PUPL-02",652,"Puma-Puma Plot",2024-07-17 20:14:00,2024-07-17 23:22:00,3.13333333333333
"TBS","Night",2024-07-17,"8:14 PM",2024-07-17,"11:22 PM","PUPL-04",411,"Puma-Puma Plot",2024-07-17 20:14:00,2024-07-17 23:22:00,3.13333333333333
"TBS","Night",2024-07-17,"8:14 PM",2024-07-17,"11:22 PM","PUPL-07",143,"Puma-Puma Plot",2024-07-17 20:14:00,2024-07-17 23:22:00,3.13333333333333
"TBS","Night",2024-07-17,"8:14 PM",2024-07-17,"11:22 PM","PUPL-05",105,"Puma-Puma Plot",2024-07-17 20:14:00,2024-07-17 23:22:00,3.13333333333333
"TBS","Night",2024-07-17,"8:14 PM",2024-07-17,"11:22 PM","PUPL-08",139,"Puma-Puma Plot",2024-07-17 20:14:00,2024-07-17 23:22:00,3.13333333333333
"TBS","Night",2024-07-17,"8:14 PM",2024-07-17,"11:22 PM","PUPL-06",139,"Puma-Puma Plot",2024-07-17 20:14:00,2024-07-17 23:22:00,3.13333333333333
"TBS","Night",2024-07-17,"8:14 PM",2024-07-17,"11:22 PM","PUPL-09",163,"Puma-Puma Plot",2024-07-17 20:14:00,2024-07-17 23:22:00,3.13333333333333
"TBS","Night",2024-07-15,"8:14 PM",2024-07-15,"11:42 PM","ANAC-01",388,"Anaconda-Lago",2024-07-15 20:14:00,2024-07-15 23:42:00,3.46666666666667
"TBS","Night",2024-07-15,"8:14 PM",2024-07-15,"11:42 PM","LAGO-02",1450,"Anaconda-Lago",2024-07-15 20:14:00,2024-07-15 23:42:00,3.46666666666667
"TBS","Night",2024-07-14,"8:51 PM",2024-07-15,"12:05 AM","HAPL-01",2220,"Harpia Plot-Harpia",2024-07-14 20:51:00,2024-07-15 00:05:00,3.23333333333333
"TBS","Night",2024-07-14,"8:51 PM",2024-07-15,"12:05 AM","HARP-01",483,"Harpia Plot-Harpia",2024-07-14 20:51:00,2024-07-15 00:05:00,3.23333333333333
"TBS","Night",2024-07-11,"8:08 PM",2024-07-11,"10:57 PM","GUAC-03",279,"Guacamayo-Puma-Harpia-Chorongo-Guacamayo",2024-07-11 20:08:00,2024-07-11 22:57:00,2.81666666666667
"TBS","Night",2024-07-11,"8:08 PM",2024-07-11,"10:57 PM","PUMA-01",750,"Guacamayo-Puma-Harpia-Chorongo-Guacamayo",2024-07-11 20:08:00,2024-07-11 22:57:00,2.81666666666667
"TBS","Night",2024-07-11,"8:08 PM",2024-07-11,"10:57 PM","PUMA-02",388,"Guacamayo-Puma-Harpia-Chorongo-Guacamayo",2024-07-11 20:08:00,2024-07-11 22:57:00,2.81666666666667
"TBS","Night",2024-07-11,"8:08 PM",2024-07-11,"10:57 PM","HARP-05",740,"Guacamayo-Puma-Harpia-Chorongo-Guacamayo",2024-07-11 20:08:00,2024-07-11 22:57:00,2.81666666666667
"TBS","Night",2024-07-11,"8:08 PM",2024-07-11,"10:57 PM","TCHO-01",481,"Guacamayo-Puma-Harpia-Chorongo-Guacamayo",2024-07-11 20:08:00,2024-07-11 22:57:00,2.81666666666667
"TBS","Night",2024-07-10,"8:07 PM",2024-07-10,"10:58 PM","GUAC-01",230,"Guacamayo-Danta-Lago",2024-07-10 20:07:00,2024-07-10 22:58:00,2.85
"TBS","Night",2024-07-10,"8:07 PM",2024-07-10,"10:58 PM","GUAC-02",301,"Guacamayo-Danta-Lago",2024-07-10 20:07:00,2024-07-10 22:58:00,2.85
"TBS","Night",2024-07-10,"8:07 PM",2024-07-10,"10:58 PM","DANT-01",591,"Guacamayo-Danta-Lago",2024-07-10 20:07:00,2024-07-10 22:58:00,2.85
"TBS","Night",2024-07-10,"8:07 PM",2024-07-10,"10:58 PM","LAGO-01",719,"Guacamayo-Danta-Lago",2024-07-10 20:07:00,2024-07-10 22:58:00,2.85
"TBS","Night",2024-07-08,"8:01 PM",2024-07-08,"10:53 PM","MAPO-01",53,"Matapalo-Murcielago-Puentes-Murcielago Pond-Matapalo-Chichico-Numa",2024-07-08 20:01:00,2024-07-08 22:53:00,2.86666666666667
"TBS","Night",2024-07-08,"8:01 PM",2024-07-08,"10:53 PM","MAPO-02",170,"Matapalo-Murcielago-Puentes-Murcielago Pond-Matapalo-Chichico-Numa",2024-07-08 20:01:00,2024-07-08 22:53:00,2.86666666666667
"TBS","Night",2024-07-08,"8:01 PM",2024-07-08,"10:53 PM","MAPO-03",388,"Matapalo-Murcielago-Puentes-Murcielago Pond-Matapalo-Chichico-Numa",2024-07-08 20:01:00,2024-07-08 22:53:00,2.86666666666667
"TBS","Night",2024-07-08,"8:01 PM",2024-07-08,"10:53 PM","MURC-01",156,"Matapalo-Murcielago-Puentes-Murcielago Pond-Matapalo-Chichico-Numa",2024-07-08 20:01:00,2024-07-08 22:53:00,2.86666666666667
"TBS","Night",2024-07-08,"8:01 PM",2024-07-08,"10:53 PM","MURC-02",122,"Matapalo-Murcielago-Puentes-Murcielago Pond-Matapalo-Chichico-Numa",2024-07-08 20:01:00,2024-07-08 22:53:00,2.86666666666667
"TBS","Night",2024-07-08,"8:01 PM",2024-07-08,"10:53 PM","PUEN-01",144,"Matapalo-Murcielago-Puentes-Murcielago Pond-Matapalo-Chichico-Numa",2024-07-08 20:01:00,2024-07-08 22:53:00,2.86666666666667
"TBS","Night",2024-07-08,"8:01 PM",2024-07-08,"10:53 PM","MUPO-01",410,"Matapalo-Murcielago-Puentes-Murcielago Pond-Matapalo-Chichico-Numa",2024-07-08 20:01:00,2024-07-08 22:53:00,2.86666666666667
"TBS","Night",2024-07-08,"8:01 PM",2024-07-08,"10:53 PM","MAPO-04",387,"Matapalo-Murcielago-Puentes-Murcielago Pond-Matapalo-Chichico-Numa",2024-07-08 20:01:00,2024-07-08 22:53:00,2.86666666666667
"TBS","Night",2024-07-08,"8:01 PM",2024-07-08,"10:53 PM","MAPO-05",250,"Matapalo-Murcielago-Puentes-Murcielago Pond-Matapalo-Chichico-Numa",2024-07-08 20:01:00,2024-07-08 22:53:00,2.86666666666667
"TBS","Night",2024-07-08,"8:01 PM",2024-07-08,"10:53 PM","MAPO-06",359,"Matapalo-Murcielago-Puentes-Murcielago Pond-Matapalo-Chichico-Numa",2024-07-08 20:01:00,2024-07-08 22:53:00,2.86666666666667
"TBS","Night",2024-07-08,"8:01 PM",2024-07-08,"10:53 PM","CHIO-03",61,"Matapalo-Murcielago-Puentes-Murcielago Pond-Matapalo-Chichico-Numa",2024-07-08 20:01:00,2024-07-08 22:53:00,2.86666666666667
"TBS","Night",2024-07-08,"8:01 PM",2024-07-08,"10:53 PM","NUMA-01",290,"Matapalo-Murcielago-Puentes-Murcielago Pond-Matapalo-Chichico-Numa",2024-07-08 20:01:00,2024-07-08 22:53:00,2.86666666666667
"YRS","Night",2024-07-06,"8:29 PM",2024-07-06,"11:28 PM","FPPE-03",88,"Forest Plot Perimeter",2024-07-06 20:29:00,2024-07-06 23:28:00,2.98333333333333
"YRS","Night",2024-07-06,"8:29 PM",2024-07-06,"11:28 PM","FPPE-04",662,"Forest Plot Perimeter",2024-07-06 20:29:00,2024-07-06 23:28:00,2.98333333333333
"YRS","Night",2024-07-06,"8:29 PM",2024-07-06,"11:28 PM","FPPE-05",291,"Forest Plot Perimeter",2024-07-06 20:29:00,2024-07-06 23:28:00,2.98333333333333
"YRS","Night",2024-07-06,"8:29 PM",2024-07-06,"11:28 PM","FPPE-02",2520,"Forest Plot Perimeter",2024-07-06 20:29:00,2024-07-06 23:28:00,2.98333333333333
"YRS","Night",2024-07-04,"8:12 PM",2024-07-04,"11:00 PM","YCHO-01",1230,"Chorongo-Kinkajou-Napo-Bariso-Tinamou-Botanico",2024-07-04 20:12:00,2024-07-04 23:00:00,2.8
"YRS","Night",2024-07-04,"8:12 PM",2024-07-04,"11:00 PM","KINK-01",321,"Chorongo-Kinkajou-Napo-Bariso-Tinamou-Botanico",2024-07-04 20:12:00,2024-07-04 23:00:00,2.8
"YRS","Night",2024-07-04,"8:12 PM",2024-07-04,"11:00 PM","NAPO-04",220,"Chorongo-Kinkajou-Napo-Bariso-Tinamou-Botanico",2024-07-04 20:12:00,2024-07-04 23:00:00,2.8
"YRS","Night",2024-07-04,"8:12 PM",2024-07-04,"11:00 PM","BARI-02",183,"Chorongo-Kinkajou-Napo-Bariso-Tinamou-Botanico",2024-07-04 20:12:00,2024-07-04 23:00:00,2.8
"YRS","Night",2024-07-04,"8:12 PM",2024-07-04,"11:00 PM","BARI-01",340,"Chorongo-Kinkajou-Napo-Bariso-Tinamou-Botanico",2024-07-04 20:12:00,2024-07-04 23:00:00,2.8
"YRS","Night",2024-07-04,"8:12 PM",2024-07-04,"11:00 PM","TINA-01",65,"Chorongo-Kinkajou-Napo-Bariso-Tinamou-Botanico",2024-07-04 20:12:00,2024-07-04 23:00:00,2.8
"YRS","Night",2024-07-04,"8:12 PM",2024-07-04,"11:00 PM","BOTA-01",142,"Chorongo-Kinkajou-Napo-Bariso-Tinamou-Botanico",2024-07-04 20:12:00,2024-07-04 23:00:00,2.8
"YRS","Night",2024-07-03,"8:11 PM",2024-07-03,"11:07 PM","CEIB-01",490,"Ceiba-Peru",2024-07-03 20:11:00,2024-07-03 23:07:00,2.93333333333333
"YRS","Night",2024-07-03,"8:11 PM",2024-07-03,"11:07 PM","PERU-01",250,"Ceiba-Peru",2024-07-03 20:11:00,2024-07-03 23:07:00,2.93333333333333
"YRS","Night",2024-07-03,"8:11 PM",2024-07-03,"11:07 PM","PERU-02",738,"Ceiba-Peru",2024-07-03 20:11:00,2024-07-03 23:07:00,2.93333333333333
"YRS","Night",2024-07-03,"8:11 PM",2024-07-03,"11:07 PM","PERU-03",175,"Ceiba-Peru",2024-07-03 20:11:00,2024-07-03 23:07:00,2.93333333333333
"YRS","Night",2024-07-03,"8:11 PM",2024-07-03,"11:07 PM","PERU-04",259,"Ceiba-Peru",2024-07-03 20:11:00,2024-07-03 23:07:00,2.93333333333333
"YRS","Night",2024-07-03,"8:11 PM",2024-07-03,"11:07 PM","PERU-05",301,"Ceiba-Peru",2024-07-03 20:11:00,2024-07-03 23:07:00,2.93333333333333
"YRS","Night",2024-07-02,"8:00 PM",2024-07-02,"11:11 PM","FPPE-03",88,"Forest Plot Perimeter",2024-07-02 20:00:00,2024-07-02 23:11:00,3.18333333333333
"YRS","Night",2024-07-02,"8:00 PM",2024-07-02,"11:11 PM","FPPE-04",662,"Forest Plot Perimeter",2024-07-02 20:00:00,2024-07-02 23:11:00,3.18333333333333
"YRS","Night",2024-07-02,"8:00 PM",2024-07-02,"11:11 PM","FPPE-05",291,"Forest Plot Perimeter",2024-07-02 20:00:00,2024-07-02 23:11:00,3.18333333333333
"YRS","Night",2024-07-02,"8:00 PM",2024-07-02,"11:11 PM","FPPE-02",2520,"Forest Plot Perimeter",2024-07-02 20:00:00,2024-07-02 23:11:00,3.18333333333333
"YRS","Night",2024-06-29,"8:04 PM",2024-06-29,"11:19 PM","GAWA-01",272,"Gawape-Chorongo-Kinkajou-Napo-Tucan-Garza",2024-06-29 20:04:00,2024-06-29 23:19:00,3.25
"YRS","Night",2024-06-29,"8:04 PM",2024-06-29,"11:19 PM","GAWA-02",650,"Gawape-Chorongo-Kinkajou-Napo-Tucan-Garza",2024-06-29 20:04:00,2024-06-29 23:19:00,3.25
"YRS","Night",2024-06-29,"8:04 PM",2024-06-29,"11:19 PM","GAWA-03",692,"Gawape-Chorongo-Kinkajou-Napo-Tucan-Garza",2024-06-29 20:04:00,2024-06-29 23:19:00,3.25
"YRS","Night",2024-06-29,"8:04 PM",2024-06-29,"11:19 PM","YCHO-02",691,"Gawape-Chorongo-Kinkajou-Napo-Tucan-Garza",2024-06-29 20:04:00,2024-06-29 23:19:00,3.25
"YRS","Night",2024-06-29,"8:04 PM",2024-06-29,"11:19 PM","KINK-01",321,"Gawape-Chorongo-Kinkajou-Napo-Tucan-Garza",2024-06-29 20:04:00,2024-06-29 23:19:00,3.25
"YRS","Night",2024-06-29,"8:04 PM",2024-06-29,"11:19 PM","NAPO-05",243,"Gawape-Chorongo-Kinkajou-Napo-Tucan-Garza",2024-06-29 20:04:00,2024-06-29 23:19:00,3.25
"YRS","Night",2024-06-29,"8:04 PM",2024-06-29,"11:19 PM","TUCA-01",240,"Gawape-Chorongo-Kinkajou-Napo-Tucan-Garza",2024-06-29 20:04:00,2024-06-29 23:19:00,3.25
"YRS","Night",2024-06-29,"8:04 PM",2024-06-29,"11:19 PM","GARZ-01",223,"Gawape-Chorongo-Kinkajou-Napo-Tucan-Garza",2024-06-29 20:04:00,2024-06-29 23:19:00,3.25
"YRS","Night",2024-06-27,"8:07 PM",2024-06-27,"11:04 PM","YCHO-01",1230,"Chorongo-Kinkajou-Napo-Bariso-Tinamou-Botanico",2024-06-27 20:07:00,2024-06-27 23:04:00,2.95
"YRS","Night",2024-06-27,"8:07 PM",2024-06-27,"11:04 PM","KINK-01",321,"Chorongo-Kinkajou-Napo-Bariso-Tinamou-Botanico",2024-06-27 20:07:00,2024-06-27 23:04:00,2.95
"YRS","Night",2024-06-27,"8:07 PM",2024-06-27,"11:04 PM","NAPO-04",220,"Chorongo-Kinkajou-Napo-Bariso-Tinamou-Botanico",2024-06-27 20:07:00,2024-06-27 23:04:00,2.95
"YRS","Night",2024-06-27,"8:07 PM",2024-06-27,"11:04 PM","BARI-02",183,"Chorongo-Kinkajou-Napo-Bariso-Tinamou-Botanico",2024-06-27 20:07:00,2024-06-27 23:04:00,2.95
"YRS","Night",2024-06-27,"8:07 PM",2024-06-27,"11:04 PM","BARI-01",340,"Chorongo-Kinkajou-Napo-Bariso-Tinamou-Botanico",2024-06-27 20:07:00,2024-06-27 23:04:00,2.95
"YRS","Night",2024-06-27,"8:07 PM",2024-06-27,"11:04 PM","TINA-01",65,"Chorongo-Kinkajou-Napo-Bariso-Tinamou-Botanico",2024-06-27 20:07:00,2024-06-27 23:04:00,2.95
"YRS","Night",2024-06-27,"8:07 PM",2024-06-27,"11:04 PM","BOTA-01",142,"Chorongo-Kinkajou-Napo-Bariso-Tinamou-Botanico",2024-06-27 20:07:00,2024-06-27 23:04:00,2.95
"TBS","Night",2024-06-23,"8:00 PM",2024-06-23,"10:36 PM","MAPO-02",170,"Matapalo-Murcielago-Puentes-Murcielago Pond-Puentes-Murcielago-Matapalo",2024-06-23 20:00:00,2024-06-23 22:36:00,2.6
"TBS","Night",2024-06-23,"8:00 PM",2024-06-23,"10:36 PM","MAPO-03",388,"Matapalo-Murcielago-Puentes-Murcielago Pond-Puentes-Murcielago-Matapalo",2024-06-23 20:00:00,2024-06-23 22:36:00,2.6
"TBS","Night",2024-06-23,"8:00 PM",2024-06-23,"10:36 PM","MURC-01",156,"Matapalo-Murcielago-Puentes-Murcielago Pond-Puentes-Murcielago-Matapalo",2024-06-23 20:00:00,2024-06-23 22:36:00,2.6
"TBS","Night",2024-06-23,"8:00 PM",2024-06-23,"10:36 PM","PUEN-01",144,"Matapalo-Murcielago-Puentes-Murcielago Pond-Puentes-Murcielago-Matapalo",2024-06-23 20:00:00,2024-06-23 22:36:00,2.6
"TBS","Night",2024-06-23,"8:00 PM",2024-06-23,"10:36 PM","MUPO-01",410,"Matapalo-Murcielago-Puentes-Murcielago Pond-Puentes-Murcielago-Matapalo",2024-06-23 20:00:00,2024-06-23 22:36:00,2.6
"TBS","Night",2024-06-22,"8:06 PM",2024-06-22,"10:29 PM","ANAC-01",388,"Anaconda-Lago",2024-06-22 20:06:00,2024-06-22 22:29:00,2.38333333333333
"TBS","Night",2024-06-22,"8:06 PM",2024-06-22,"10:29 PM","LAGO-02",1450,"Anaconda-Lago",2024-06-22 20:06:00,2024-06-22 22:29:00,2.38333333333333
"TBS","Night",2024-06-22,"8:06 PM",2024-06-22,"10:29 PM","LAGO-01",719,"Anaconda-Lago",2024-06-22 20:06:00,2024-06-22 22:29:00,2.38333333333333
"TBS","Night",2024-06-21,"8:11 PM",2024-06-21,"9:36 PM","MAPO-01",53,"Matapalo-Harpia",2024-06-21 20:11:00,2024-06-21 21:36:00,1.41666666666667
"TBS","Night",2024-06-21,"8:11 PM",2024-06-21,"9:36 PM","MAPO-02",170,"Matapalo-Harpia",2024-06-21 20:11:00,2024-06-21 21:36:00,1.41666666666667
"TBS","Night",2024-06-21,"8:11 PM",2024-06-21,"9:36 PM","HARP-01",483,"Matapalo-Harpia",2024-06-21 20:11:00,2024-06-21 21:36:00,1.41666666666667
"TBS","Night",2024-06-19,"7:58 PM",2024-06-19,"10:50 PM","GUAC-03",279,"Guacamayo-Puma-Harpia-Chorongo-Guacamayo",2024-06-19 19:58:00,2024-06-19 22:50:00,2.86666666666667
"TBS","Night",2024-06-19,"7:58 PM",2024-06-19,"10:50 PM","PUMA-01",750,"Guacamayo-Puma-Harpia-Chorongo-Guacamayo",2024-06-19 19:58:00,2024-06-19 22:50:00,2.86666666666667
"TBS","Night",2024-06-19,"7:58 PM",2024-06-19,"10:50 PM","PUMA-02",388,"Guacamayo-Puma-Harpia-Chorongo-Guacamayo",2024-06-19 19:58:00,2024-06-19 22:50:00,2.86666666666667
"TBS","Night",2024-06-19,"7:58 PM",2024-06-19,"10:50 PM","HARP-05",740,"Guacamayo-Puma-Harpia-Chorongo-Guacamayo",2024-06-19 19:58:00,2024-06-19 22:50:00,2.86666666666667
"TBS","Night",2024-06-19,"7:58 PM",2024-06-19,"10:50 PM","TCHO-01",481,"Guacamayo-Puma-Harpia-Chorongo-Guacamayo",2024-06-19 19:58:00,2024-06-19 22:50:00,2.86666666666667
"TBS","Night",2024-06-19,"7:58 PM",2024-06-19,"10:50 PM","GUAC-01",230,"Guacamayo-Puma-Harpia-Chorongo-Guacamayo",2024-06-19 19:58:00,2024-06-19 22:50:00,2.86666666666667
"TBS","Night",2024-06-17,"8:04 PM",2024-06-18,"12:11 AM","MAPO-01",53,"Matapalo-Murcielago-Matapalo-Chichico-Numa-Matapalo",2024-06-17 20:04:00,2024-06-18 00:11:00,4.11666666666667
"TBS","Night",2024-06-17,"8:04 PM",2024-06-18,"12:11 AM","MAPO-02",170,"Matapalo-Murcielago-Matapalo-Chichico-Numa-Matapalo",2024-06-17 20:04:00,2024-06-18 00:11:00,4.11666666666667
"TBS","Night",2024-06-17,"8:04 PM",2024-06-18,"12:11 AM","MAPO-03",388,"Matapalo-Murcielago-Matapalo-Chichico-Numa-Matapalo",2024-06-17 20:04:00,2024-06-18 00:11:00,4.11666666666667
"TBS","Night",2024-06-17,"8:04 PM",2024-06-18,"12:11 AM","MURC-01",156,"Matapalo-Murcielago-Matapalo-Chichico-Numa-Matapalo",2024-06-17 20:04:00,2024-06-18 00:11:00,4.11666666666667
"TBS","Night",2024-06-17,"8:04 PM",2024-06-18,"12:11 AM","MURC-02",122,"Matapalo-Murcielago-Matapalo-Chichico-Numa-Matapalo",2024-06-17 20:04:00,2024-06-18 00:11:00,4.11666666666667
"TBS","Night",2024-06-17,"8:04 PM",2024-06-18,"12:11 AM","MAPO-04",387,"Matapalo-Murcielago-Matapalo-Chichico-Numa-Matapalo",2024-06-17 20:04:00,2024-06-18 00:11:00,4.11666666666667
"TBS","Night",2024-06-17,"8:04 PM",2024-06-18,"12:11 AM","MAPO-05",250,"Matapalo-Murcielago-Matapalo-Chichico-Numa-Matapalo",2024-06-17 20:04:00,2024-06-18 00:11:00,4.11666666666667
"TBS","Night",2024-06-17,"8:04 PM",2024-06-18,"12:11 AM","MAPO-06",359,"Matapalo-Murcielago-Matapalo-Chichico-Numa-Matapalo",2024-06-17 20:04:00,2024-06-18 00:11:00,4.11666666666667
"TBS","Night",2024-06-17,"8:04 PM",2024-06-18,"12:11 AM","CHIO-03",61,"Matapalo-Murcielago-Matapalo-Chichico-Numa-Matapalo",2024-06-17 20:04:00,2024-06-18 00:11:00,4.11666666666667
"TBS","Night",2024-06-17,"8:04 PM",2024-06-18,"12:11 AM","NUMA-01",290,"Matapalo-Murcielago-Matapalo-Chichico-Numa-Matapalo",2024-06-17 20:04:00,2024-06-18 00:11:00,4.11666666666667
"TBS","Night",2024-06-17,"8:04 PM",2024-06-18,"12:11 AM","MANU-01",194,"Matapalo-Murcielago-Matapalo-Chichico-Numa-Matapalo",2024-06-17 20:04:00,2024-06-18 00:11:00,4.11666666666667
"TBS","Night",2024-06-13,"8:59 PM",2024-06-13,"11:54 PM","GUAC-01",230,"Guacamayo-Danta-Lago",2024-06-13 20:59:00,2024-06-13 23:54:00,2.91666666666667
"TBS","Night",2024-06-13,"8:59 PM",2024-06-13,"11:54 PM","GUAC-02",301,"Guacamayo-Danta-Lago",2024-06-13 20:59:00,2024-06-13 23:54:00,2.91666666666667
"TBS","Night",2024-06-13,"8:59 PM",2024-06-13,"11:54 PM","DANT-01",591,"Guacamayo-Danta-Lago",2024-06-13 20:59:00,2024-06-13 23:54:00,2.91666666666667
"TBS","Night",2024-06-13,"8:59 PM",2024-06-13,"11:54 PM","LAGO-01",719,"Guacamayo-Danta-Lago",2024-06-13 20:59:00,2024-06-13 23:54:00,2.91666666666667
"TBS","Night",2024-06-11,"8:37 PM",2024-06-11,"11:36 PM","NUMA-02",268,"Numa-Chichico-Matapalo-Chichico-Numa",2024-06-11 20:37:00,2024-06-11 23:36:00,2.98333333333333
"TBS","Night",2024-06-11,"8:37 PM",2024-06-11,"11:36 PM","CHIO-03",61,"Numa-Chichico-Matapalo-Chichico-Numa",2024-06-11 20:37:00,2024-06-11 23:36:00,2.98333333333333
"TBS","Night",2024-06-11,"8:37 PM",2024-06-11,"11:36 PM","CHIO-02",1000,"Numa-Chichico-Matapalo-Chichico-Numa",2024-06-11 20:37:00,2024-06-11 23:36:00,2.98333333333333
"TBS","Night",2024-06-11,"8:37 PM",2024-06-11,"11:36 PM","CHIO-01",609,"Numa-Chichico-Matapalo-Chichico-Numa",2024-06-11 20:37:00,2024-06-11 23:36:00,2.98333333333333
"TBS","Night",2024-06-11,"8:37 PM",2024-06-11,"11:36 PM","MAPO-06",359,"Numa-Chichico-Matapalo-Chichico-Numa",2024-06-11 20:37:00,2024-06-11 23:36:00,2.98333333333333
"TBS","Night",2024-06-11,"8:37 PM",2024-06-11,"11:36 PM","NUMA-01",290,"Numa-Chichico-Matapalo-Chichico-Numa",2024-06-11 20:37:00,2024-06-11 23:36:00,2.98333333333333
"TBS","Afternoon",2025-06-05,"2:20 PM",2025-06-05,"3:57 PM","TCHO-02",830,"Chorongo",2025-06-05 14:20:00,2025-06-05 15:57:00,1.61666666666667
"TBS","Afternoon",2025-06-05,"2:20 PM",2025-06-05,"3:57 PM","MATA-01",1030,"Mata-Mata",2025-06-05 14:20:00,2025-06-05 15:57:00,1.61666666666667
"TBS","Afternoon",2025-06-08,"1:47 PM",2025-06-08,"4:03 PM","PARA-01",3522,"Parahuaco",2025-06-08 13:47:00,2025-06-08 16:03:00,2.26666666666667
"YRS","Afternoon",2025-06-11,"3:06 PM",2025-06-11,"5:43 PM","FPPE-01",171,"Forest Plot Perimeter",2025-06-11 15:06:00,2025-06-11 17:43:00,2.61666666666667
"YRS","Afternoon",2025-06-11,"3:06 PM",2025-06-11,"5:43 PM","FPPE-02",2520,"Forest Plot Perimeter",2025-06-11 15:06:00,2025-06-11 17:43:00,2.61666666666667
"YRS","Afternoon",2025-06-11,"3:06 PM",2025-06-11,"5:43 PM","FPPE-03",88,"Forest Plot Perimeter",2025-06-11 15:06:00,2025-06-11 17:43:00,2.61666666666667
"YRS","Afternoon",2025-06-11,"3:06 PM",2025-06-11,"5:43 PM","FPPE-04",662,"Forest Plot Perimeter",2025-06-11 15:06:00,2025-06-11 17:43:00,2.61666666666667
"YRS","Afternoon",2025-06-11,"3:06 PM",2025-06-11,"5:43 PM","FPPE-05",291,"Forest Plot Perimeter",2025-06-11 15:06:00,2025-06-11 17:43:00,2.61666666666667
"YRS","Afternoon",2025-06-16,"2:18 PM",2025-06-16,"3:16 PM","CEIB-02",463,"Ceiba",2025-06-16 14:18:00,2025-06-16 15:16:00,0.966666666666667
"YRS","Afternoon",2025-06-16,"2:18 PM",2025-06-16,"3:16 PM","PERU-01",250,"Peru",2025-06-16 14:18:00,2025-06-16 15:16:00,0.966666666666667
"YRS","Afternoon",2025-06-16,"2:18 PM",2025-06-16,"3:16 PM","RENA-01",272,"Renacuajo",2025-06-16 14:18:00,2025-06-16 15:16:00,0.966666666666667
"YRS","Afternoon",2025-06-16,"2:18 PM",2025-06-16,"3:16 PM","MIRA-01",550,"Mirador",2025-06-16 14:18:00,2025-06-16 15:16:00,0.966666666666667
"TBS","Afternoon",2025-06-21,"3:46 PM",2025-06-21,"4:59 PM","GUAC-02",301,"Guacamayo",2025-06-21 15:46:00,2025-06-21 16:59:00,1.21666666666667
"TBS","Afternoon",2025-06-21,"3:46 PM",2025-06-21,"4:59 PM","DANT-01",591,"Danta",2025-06-21 15:46:00,2025-06-21 16:59:00,1.21666666666667
"TBS","Afternoon",2025-06-21,"3:46 PM",2025-06-21,"4:59 PM","LAGO-01",719,"Lago",2025-06-21 15:46:00,2025-06-21 16:59:00,1.21666666666667
"TBS","Afternoon",2025-06-23,"2:52 PM",2025-06-23,"5:22 PM","HARP-05",740,"Harpia",2025-06-23 14:52:00,2025-06-23 17:22:00,2.5
"TBS","Afternoon",2025-06-23,"2:52 PM",2025-06-23,"5:22 PM","HARP-04",511,"Harpia",2025-06-23 14:52:00,2025-06-23 17:22:00,2.5
"TBS","Afternoon",2025-06-23,"2:52 PM",2025-06-23,"5:22 PM","HARP-03",940,"Harpia",2025-06-23 14:52:00,2025-06-23 17:22:00,2.5
"TBS","Afternoon",2025-06-23,"2:52 PM",2025-06-23,"5:22 PM","MATA-01",1030,"Mata-Mata",2025-06-23 14:52:00,2025-06-23 17:22:00,2.5
"TBS","Afternoon",2025-06-26,"2:10 PM",2025-06-26,"3:49 PM","GUAC-04",1912,"Guacamayo",2025-06-26 14:10:00,2025-06-26 15:49:00,1.65
"TBS","Afternoon",2025-06-30,"2:34 PM",2025-06-30,"3:37 PM","HARP-02",1744,"Harpia",2025-06-30 14:34:00,2025-06-30 15:37:00,1.05
"TBS","Afternoon",2025-07-01,"2:34 PM",2025-07-01,"3:48 PM","MAPO-03",388,"Matapalo",2025-07-01 14:34:00,2025-07-01 15:48:00,1.23333333333333
"TBS","Afternoon",2025-07-01,"2:34 PM",2025-07-01,"3:48 PM","MAPO-04",387,"Matapalo",2025-07-01 14:34:00,2025-07-01 15:48:00,1.23333333333333
"TBS","Afternoon",2025-07-01,"2:34 PM",2025-07-01,"3:48 PM","MAPO-05",250,"Matapalo",2025-07-01 14:34:00,2025-07-01 15:48:00,1.23333333333333
"TBS","Afternoon",2025-07-01,"2:34 PM",2025-07-01,"3:48 PM","MAPO-06",359,"Matapalo",2025-07-01 14:34:00,2025-07-01 15:48:00,1.23333333333333
"TBS","Afternoon",2025-07-01,"2:34 PM",2025-07-01,"3:48 PM","CHIO-03",61,"Chichico",2025-07-01 14:34:00,2025-07-01 15:48:00,1.23333333333333
"TBS","Afternoon",2025-07-01,"2:34 PM",2025-07-01,"3:48 PM","NUMA-01",290,"Numa",2025-07-01 14:34:00,2025-07-01 15:48:00,1.23333333333333
"YRS","Afternoon",2025-07-05,"2:45 PM",2025-07-05,"4:12 PM","YCHO-01",1230,"Chorongo",2025-07-05 14:45:00,2025-07-05 16:12:00,1.45
"YRS","Afternoon",2025-07-05,"2:45 PM",2025-07-05,"4:12 PM","KINK-01",321,"Kinkajou",2025-07-05 14:45:00,2025-07-05 16:12:00,1.45
"YRS","Afternoon",2025-07-05,"2:45 PM",2025-07-05,"4:12 PM","NAPO-05",243,"Napo",2025-07-05 14:45:00,2025-07-05 16:12:00,1.45
"YRS","Afternoon",2025-07-05,"2:45 PM",2025-07-05,"4:12 PM","TUCA-01",240,"Tucan",2025-07-05 14:45:00,2025-07-05 16:12:00,1.45
"YRS","Afternoon",2025-07-08,"2:32 PM",2025-07-08,"4:40 PM","COCA-01",301,"Coca",2025-07-08 14:32:00,2025-07-08 16:40:00,2.13333333333333
"YRS","Afternoon",2025-07-08,"2:32 PM",2025-07-08,"4:40 PM","CEIB-02",463,"Ceiba",2025-07-08 14:32:00,2025-07-08 16:40:00,2.13333333333333
"YRS","Afternoon",2025-07-08,"2:32 PM",2025-07-08,"4:40 PM","PERU-01",250,"Peru",2025-07-08 14:32:00,2025-07-08 16:40:00,2.13333333333333
"YRS","Afternoon",2025-07-08,"2:32 PM",2025-07-08,"4:40 PM","RENA-01",272,"Renacuajo",2025-07-08 14:32:00,2025-07-08 16:40:00,2.13333333333333
"YRS","Afternoon",2025-07-08,"2:32 PM",2025-07-08,"4:40 PM","PERU-02",738,"Peru",2025-07-08 14:32:00,2025-07-08 16:40:00,2.13333333333333
"YRS","Afternoon",2025-07-12,"2:48 PM",2025-07-12,"4:20 PM","FPPE-06",69,"Forest Plot Perimeter",2025-07-12 14:48:00,2025-07-12 16:20:00,1.53333333333333
"YRS","Afternoon",2025-07-12,"2:48 PM",2025-07-12,"4:20 PM","FPPE-03",88,"Forest Plot Perimeter",2025-07-12 14:48:00,2025-07-12 16:20:00,1.53333333333333
"YRS","Afternoon",2025-07-12,"2:48 PM",2025-07-12,"4:20 PM","FPIN-01",1053,"Forest Plot Interior",2025-07-12 14:48:00,2025-07-12 16:20:00,1.53333333333333
"YRS","Afternoon",2025-07-12,"2:48 PM",2025-07-12,"4:20 PM","FPPE-05",291,"Forest Plot Perimeter",2025-07-12 14:48:00,2025-07-12 16:20:00,1.53333333333333
"YRS","Afternoon",2025-07-12,"2:48 PM",2025-07-12,"4:20 PM","FPPE-01",171,"Forest Plot Perimeter",2025-07-12 14:48:00,2025-07-12 16:20:00,1.53333333333333
"YRS","Afternoon",2025-07-14,"2:15 PM",2025-07-14,"4:00 PM","GAWA-01",272,"Gawape",2025-07-14 14:15:00,2025-07-14 16:00:00,1.75
"YRS","Afternoon",2025-07-14,"2:15 PM",2025-07-14,"4:00 PM","GAWA-02",650,"Gawape",2025-07-14 14:15:00,2025-07-14 16:00:00,1.75
"YRS","Afternoon",2025-07-14,"2:15 PM",2025-07-14,"4:00 PM","GAWA-03",692,"Gawape",2025-07-14 14:15:00,2025-07-14 16:00:00,1.75
"YRS","Afternoon",2025-07-14,"2:15 PM",2025-07-14,"4:00 PM","YCHO-02",691,"Chorongo",2025-07-14 14:15:00,2025-07-14 16:00:00,1.75
"YRS","Afternoon",2025-07-15,"2:24 PM",2025-07-15,"4:16 PM","NAPO-04",220,"Napo",2025-07-15 14:24:00,2025-07-15 16:16:00,1.86666666666667
"YRS","Afternoon",2025-07-15,"2:24 PM",2025-07-15,"4:16 PM","NAPO-03",157,"Napo",2025-07-15 14:24:00,2025-07-15 16:16:00,1.86666666666667
"YRS","Afternoon",2025-07-15,"2:24 PM",2025-07-15,"4:16 PM","NAPO-02",419,"Napo",2025-07-15 14:24:00,2025-07-15 16:16:00,1.86666666666667
"YRS","Afternoon",2025-07-15,"2:24 PM",2025-07-15,"4:16 PM","NAPO-01",135,"Napo",2025-07-15 14:24:00,2025-07-15 16:16:00,1.86666666666667
"YRS","Afternoon",2025-07-15,"2:24 PM",2025-07-15,"4:16 PM","TINA-02",509,"Tinamou",2025-07-15 14:24:00,2025-07-15 16:16:00,1.86666666666667
"YRS","Afternoon",2025-07-15,"2:24 PM",2025-07-15,"4:16 PM","TINA-01",65,"Tinamou",2025-07-15 14:24:00,2025-07-15 16:16:00,1.86666666666667
"YRS","Afternoon",2025-07-15,"2:24 PM",2025-07-15,"4:16 PM","BOTA-02",69,"Botanico",2025-07-15 14:24:00,2025-07-15 16:16:00,1.86666666666667
"YRS","Afternoon",2025-07-15,"2:24 PM",2025-07-15,"4:16 PM","BOTA-03",250,"Botanico",2025-07-15 14:24:00,2025-07-15 16:16:00,1.86666666666667
"YRS","Afternoon",2025-07-15,"2:24 PM",2025-07-15,"4:16 PM","BOTA-01",142,"Botanico",2025-07-15 14:24:00,2025-07-15 16:16:00,1.86666666666667
"TBS","Afternoon",2024-06-05,"2:20 PM",2024-06-05,"3:57 PM","TCHO-02",830,"Chorongo-Mata Mata",2024-06-05 14:20:00,2024-06-05 15:57:00,1.61666666666667
"TBS","Afternoon",2024-06-05,"2:20 PM",2024-06-05,"3:57 PM","MATA-01",1030,"Chorongo-Mata Mata",2024-06-05 14:20:00,2024-06-05 15:57:00,1.61666666666667
"TBS","Night",2025-06-20,"8:23 PM",2025-06-20,"11:07 PM","GUAC-01",230,"Guacamayo-Puma-Harpia-Chorongo",2025-06-20 20:23:00,2025-06-20 23:07:00,2.73333333333333
"YRS","Night",2025-07-06,"8:13 PM",2025-07-06,"10:38 PM","TORR-01",900,"Chorongo-Kinkajou-Napo-Tucan-Garza-Napo",2025-07-06 20:13:00,2025-07-06 22:38:00,2.41666666666667
